funding_time_utc,rate
"2024-09-26T08:00:00Z","0.00006100"
"2024-09-26T16:00:00Z","0.00008132"
"2024-09-27T00:00:00Z","0.00010000"
"2024-09-27T08:00:00Z","0.00010000"
"2024-09-27T16:00:00Z","0.00010000"
"2024-09-28T00:00:00Z","0.00010000"
"2024-09-28T08:00:00Z","0.00010000"
"2024-09-28T16:00:00Z","0.00010000"
"2024-09-29T00:00:00Z","0.00010000"
"2024-09-29T08:00:00Z","0.00010000"
"2024-09-29T16:00:00Z","0.00010000"
"2024-09-30T00:00:00Z","0.00010000"
"2024-09-30T08:00:00Z","0.00010000"
"2024-09-30T16:00:00Z","0.00006343"
"2024-10-01T00:00:00Z","0.00009329"
"2024-10-01T08:00:00Z","0.00010000"
"2024-10-01T16:00:00Z","-0.00004875"
"2024-10-02T00:00:00Z","-0.00015131"
"2024-10-02T08:00:00Z","-0.00002976"
"2024-10-02T16:00:00Z","0.00006349"
"2024-10-03T00:00:00Z","-0.00003324"
"2024-10-03T08:00:00Z","0.00000352"
"2024-10-03T16:00:00Z","-0.00007173"
"2024-10-04T00:00:00Z","-0.00009076"
"2024-10-04T08:00:00Z","0.00002494"
"2024-10-04T16:00:00Z","-0.00002939"
"2024-10-05T00:00:00Z","0.00005413"
"2024-10-05T08:00:00Z","0.00007851"
"2024-10-05T16:00:00Z","0.00010000"
"2024-10-06T00:00:00Z","0.00010000"
"2024-10-06T08:00:00Z","0.00010000"
"2024-10-06T16:00:00Z","0.00010000"
"2024-10-07T00:00:00Z","0.00010000"
"2024-10-07T08:00:00Z","0.00010000"
"2024-10-07T16:00:00Z","0.00010000"
"2024-10-08T00:00:00Z","0.00010000"
"2024-10-08T08:00:00Z","0.00010000"
"2024-10-08T16:00:00Z","0.00010000"
"2024-10-09T00:00:00Z","0.00010000"
"2024-10-09T08:00:00Z","0.00010000"
"2024-10-09T16:00:00Z","0.00010000"
"2024-10-10T00:00:00Z","0.00000781"
"2024-10-10T08:00:00Z","0.00000221"
"2024-10-10T16:00:00Z","0.00006968"
"2024-10-11T00:00:00Z","0.00009579"
"2024-10-11T08:00:00Z","0.00010000"
"2024-10-11T16:00:00Z","0.00001420"
"2024-10-12T00:00:00Z","0.00008843"
"2024-10-12T08:00:00Z","0.00010000"
"2024-10-12T16:00:00Z","0.00010000"
"2024-10-13T00:00:00Z","0.00010000"
"2024-10-13T08:00:00Z","0.00010000"
"2024-10-13T16:00:00Z","-0.00001366"
"2024-10-14T00:00:00Z","0.00001678"
"2024-10-14T08:00:00Z","0.00010000"
"2024-10-14T16:00:00Z","0.00010000"
"2024-10-15T00:00:00Z","0.00010000"
"2024-10-15T08:00:00Z","0.00010000"
"2024-10-15T16:00:00Z","0.00010000"
"2024-10-16T00:00:00Z","0.00010000"
"2024-10-16T08:00:00Z","0.00010000"
"2024-10-16T16:00:00Z","0.00010000"
"2024-10-17T00:00:00Z","0.00010000"
"2024-10-17T08:00:00Z","0.00010000"
"2024-10-17T16:00:00Z","0.00006684"
"2024-10-18T00:00:00Z","0.00010000"
"2024-10-18T08:00:00Z","0.00010000"
"2024-10-18T16:00:00Z","0.00010000"
"2024-10-19T00:00:00Z","0.00010000"
"2024-10-19T08:00:00Z","0.00010000"
"2024-10-19T16:00:00Z","0.00010000"
"2024-10-20T00:00:00Z","0.00010000"
"2024-10-20T08:00:00Z","0.00010000"
"2024-10-20T16:00:00Z","0.00010000"
"2024-10-21T00:00:00Z","0.00010000"
"2024-10-21T08:00:00Z","0.00010000"
"2024-10-21T16:00:00Z","0.00010000"
"2024-10-22T00:00:00Z","0.00010000"
"2024-10-22T08:00:00Z","0.00010000"
"2024-10-22T16:00:00Z","0.00010000"
"2024-10-23T00:00:00Z","0.00010000"
"2024-10-23T08:00:00Z","0.00010000"
"2024-10-23T16:00:00Z","0.00010000"
"2024-10-24T00:00:00Z","0.00010000"
"2024-10-24T08:00:00Z","0.00010000"
"2024-10-24T16:00:00Z","0.00010000"
"2024-10-25T00:00:00Z","0.00010000"
"2024-10-25T08:00:00Z","0.00010000"
"2024-10-25T16:00:00Z","0.00010000"
"2024-10-26T00:00:00Z","0.00000772"
"2024-10-26T08:00:00Z","-0.00006386"
"2024-10-26T16:00:00Z","-0.00016036"
"2024-10-27T00:00:00Z","0.00002421"
"2024-10-27T08:00:00Z","0.00004901"
"2024-10-27T16:00:00Z","0.00004721"
"2024-10-28T00:00:00Z","0.00001719"
"2024-10-28T08:00:00Z","0.00003259"
"2024-10-28T16:00:00Z","0.00010000"
"2024-10-29T00:00:00Z","0.00010000"
"2024-10-29T08:00:00Z","0.00010000"
"2024-10-29T16:00:00Z","0.00010000"
"2024-10-30T00:00:00Z","0.00010000"
"2024-10-30T08:00:00Z","0.00010000"
"2024-10-30T16:00:00Z","0.00010000"
"2024-10-31T00:00:00Z","0.00010000"
"2024-10-31T08:00:00Z","0.00010000"
"2024-10-31T16:00:00Z","0.00010000"
"2024-11-01T00:00:00Z","0.00010000"
"2024-11-01T08:00:00Z","0.00010000"
"2024-11-01T16:00:00Z","0.00010000"
"2024-11-02T00:00:00Z","0.00010000"
"2024-11-02T08:00:00Z","0.00010000"
"2024-11-02T16:00:00Z","0.00010000"
"2024-11-03T00:00:00Z","0.00005956"
"2024-11-03T08:00:00Z","0.00006603"
"2024-11-03T16:00:00Z","-0.00000118"
"2024-11-04T00:00:00Z","-0.00000208"
"2024-11-04T08:00:00Z","-0.00003630"
"2024-11-04T16:00:00Z","-0.00002030"
"2024-11-05T00:00:00Z","0.00006691"
"2024-11-05T08:00:00Z","0.00010000"
"2024-11-05T16:00:00Z","0.00010000"
"2024-11-06T00:00:00Z","0.00010000"
"2024-11-06T08:00:00Z","0.00010000"
"2024-11-06T16:00:00Z","0.00010000"
"2024-11-07T00:00:00Z","0.00010000"
"2024-11-07T08:00:00Z","0.00010000"
"2024-11-07T16:00:00Z","0.00010000"
"2024-11-08T00:00:00Z","0.00010000"
"2024-11-08T08:00:00Z","0.00010000"
"2024-11-08T16:00:00Z","0.00010000"
"2024-11-09T00:00:00Z","0.00010000"
"2024-11-09T08:00:00Z","0.00010000"
"2024-11-09T16:00:00Z","0.00010000"
"2024-11-10T00:00:00Z","0.00010000"
"2024-11-10T08:00:00Z","0.00021902"
"2024-11-10T16:00:00Z","0.00021712"
"2024-11-11T00:00:00Z","0.00025076"
"2024-11-11T08:00:00Z","0.00017427"
"2024-11-11T16:00:00Z","0.00010000"
"2024-11-12T00:00:00Z","0.00018461"
"2024-11-12T08:00:00Z","0.00047767"
"2024-11-12T16:00:00Z","0.00026434"
"2024-11-13T00:00:00Z","0.00021526"
"2024-11-13T08:00:00Z","0.00010000"
"2024-11-13T16:00:00Z","0.00010207"
"2024-11-14T00:00:00Z","0.00018251"
"2024-11-14T08:00:00Z","0.00022651"
"2024-11-14T16:00:00Z","0.00010000"
"2024-11-15T00:00:00Z","0.00010000"
"2024-11-15T08:00:00Z","0.00010000"
"2024-11-15T16:00:00Z","0.00010000"
"2024-11-16T00:00:00Z","0.00010000"
"2024-11-16T08:00:00Z","0.00010000"
"2024-11-16T16:00:00Z","0.00010000"
"2024-11-17T00:00:00Z","0.00010000"
"2024-11-17T08:00:00Z","0.00010000"
"2024-11-17T16:00:00Z","0.00019468"
"2024-11-18T00:00:00Z","0.00010000"
"2024-11-18T08:00:00Z","0.00022092"
"2024-11-18T16:00:00Z","0.00019442"
"2024-11-19T00:00:00Z","0.00020574"
"2024-11-19T08:00:00Z","0.00015208"
"2024-11-19T16:00:00Z","0.00010000"
"2024-11-20T00:00:00Z","0.00010000"
"2024-11-20T08:00:00Z","0.00010000"
"2024-11-20T16:00:00Z","0.00010000"
"2024-11-21T00:00:00Z","0.00010000"
"2024-11-21T08:00:00Z","0.00010000"
"2024-11-21T16:00:00Z","0.00010000"
"2024-11-22T00:00:00Z","0.00021232"
"2024-11-22T08:00:00Z","0.00017232"
"2024-11-22T16:00:00Z","0.00021814"
"2024-11-23T00:00:00Z","0.00010229"
"2024-11-23T08:00:00Z","0.00029599"
"2024-11-23T16:00:00Z","0.00017214"
"2024-11-24T00:00:00Z","0.00025007"
"2024-11-24T08:00:00Z","0.00010951"
"2024-11-24T16:00:00Z","0.00019796"
"2024-11-25T00:00:00Z","0.00010000"
"2024-11-25T08:00:00Z","0.00026421"
"2024-11-25T16:00:00Z","0.00010000"
"2024-11-26T00:00:00Z","0.00017143"
"2024-11-26T08:00:00Z","0.00015047"
"2024-11-26T16:00:00Z","0.00010000"
"2024-11-27T00:00:00Z","0.00010000"
"2024-11-27T08:00:00Z","0.00017387"
"2024-11-27T16:00:00Z","0.00023065"
"2024-11-28T00:00:00Z","0.00023628"
"2024-11-28T08:00:00Z","0.00026722"
"2024-11-28T16:00:00Z","0.00010647"
"2024-11-29T00:00:00Z","0.00015453"
"2024-11-29T08:00:00Z","0.00022415"
"2024-11-29T16:00:00Z","0.00042256"
"2024-11-30T00:00:00Z","0.00027957"
"2024-11-30T08:00:00Z","0.00017256"
"2024-11-30T16:00:00Z","0.00019501"
"2024-12-01T00:00:00Z","0.00028586"
"2024-12-01T08:00:00Z","0.00017793"
"2024-12-01T16:00:00Z","0.00010000"
"2024-12-02T00:00:00Z","0.00033726"
"2024-12-02T08:00:00Z","0.00032570"
"2024-12-02T16:00:00Z","0.00022360"
"2024-12-03T00:00:00Z","0.00030600"
"2024-12-03T08:00:00Z","0.00034781"
"2024-12-03T16:00:00Z","0.00016420"
"2024-12-04T00:00:00Z","0.00033967"
"2024-12-04T08:00:00Z","0.00050887"
"2024-12-04T16:00:00Z","0.00034919"
"2024-12-05T00:00:00Z","0.00014742"
"2024-12-05T08:00:00Z","0.00043224"
"2024-12-05T16:00:00Z","0.00050010"
"2024-12-06T00:00:00Z","0.00035497"
"2024-12-06T08:00:00Z","0.00040467"
"2024-12-06T16:00:00Z","0.00026238"
"2024-12-07T00:00:00Z","0.00041395"
"2024-12-07T08:00:00Z","0.00037737"
"2024-12-07T16:00:00Z","0.00024422"
"2024-12-08T00:00:00Z","0.00037569"
"2024-12-08T08:00:00Z","0.00028309"
"2024-12-08T16:00:00Z","0.00038296"
"2024-12-09T00:00:00Z","0.00043436"
"2024-12-09T08:00:00Z","0.00031767"
"2024-12-09T16:00:00Z","0.00010000"
"2024-12-10T00:00:00Z","0.00010000"
"2024-12-10T08:00:00Z","0.00010000"
"2024-12-10T16:00:00Z","0.00010000"
"2024-12-11T00:00:00Z","0.00010000"
"2024-12-11T08:00:00Z","0.00010000"
"2024-12-11T16:00:00Z","0.00010000"
"2024-12-12T00:00:00Z","0.00006500"
"2024-12-12T08:00:00Z","0.00010000"
"2024-12-12T16:00:00Z","0.00010000"
"2024-12-13T00:00:00Z","0.00010000"
"2024-12-13T08:00:00Z","0.00010000"
"2024-12-13T16:00:00Z","0.00010000"
"2024-12-14T00:00:00Z","0.00010000"
"2024-12-14T08:00:00Z","0.00010000"
"2024-12-14T16:00:00Z","0.00010000"
"2024-12-15T00:00:00Z","0.00010000"
"2024-12-15T08:00:00Z","0.00010000"
"2024-12-15T16:00:00Z","0.00010000"
"2024-12-16T00:00:00Z","0.00010000"
"2024-12-16T08:00:00Z","0.00010000"
"2024-12-16T16:00:00Z","0.00010000"
"2024-12-17T00:00:00Z","0.00010000"
"2024-12-17T08:00:00Z","0.00010000"
"2024-12-17T16:00:00Z","0.00010000"
"2024-12-18T00:00:00Z","0.00010000"
"2024-12-18T08:00:00Z","0.00010000"
"2024-12-18T16:00:00Z","0.00010000"
"2024-12-19T00:00:00Z","0.00008697"
"2024-12-19T08:00:00Z","-0.00000723"
"2024-12-19T16:00:00Z","0.00006987"
"2024-12-20T00:00:00Z","0.00006967"
"2024-12-20T08:00:00Z","0.00010000"
"2024-12-20T16:00:00Z","0.00004752"
"2024-12-21T00:00:00Z","0.00010000"
"2024-12-21T08:00:00Z","0.00010000"
"2024-12-21T16:00:00Z","0.00010000"
"2024-12-22T00:00:00Z","0.00010000"
"2024-12-22T08:00:00Z","0.00010000"
"2024-12-22T16:00:00Z","0.00010000"
"2024-12-23T00:00:00Z","-0.00000486"
"2024-12-23T08:00:00Z","0.00004812"
"2024-12-23T16:00:00Z","0.00010000"
"2024-12-24T00:00:00Z","0.00010000"
"2024-12-24T08:00:00Z","0.00010000"
"2024-12-24T16:00:00Z","0.00010000"
"2024-12-25T00:00:00Z","0.00010000"
"2024-12-25T08:00:00Z","0.00010000"
"2024-12-25T16:00:00Z","0.00010000"
"2024-12-26T00:00:00Z","0.00010000"
"2024-12-26T08:00:00Z","0.00010000"
"2024-12-26T16:00:00Z","0.00008826"
"2024-12-27T00:00:00Z","0.00010000"
"2024-12-27T08:00:00Z","-0.00001654"
"2024-12-27T16:00:00Z","0.00000406"
"2024-12-28T00:00:00Z","0.00010000"
"2024-12-28T08:00:00Z","0.00005376"
"2024-12-28T16:00:00Z","0.00010000"
"2024-12-29T00:00:00Z","0.00010000"
"2024-12-29T08:00:00Z","0.00010000"
"2024-12-29T16:00:00Z","0.00010000"
"2024-12-30T00:00:00Z","0.00008545"
"2024-12-30T08:00:00Z","0.00004725"
"2024-12-30T16:00:00Z","-0.00008741"
"2024-12-31T00:00:00Z","0.00008233"
"2024-12-31T08:00:00Z","0.00009015"
"2024-12-31T16:00:00Z","0.00010000"
"2025-01-01T00:00:00Z","0.00010000"
"2025-01-01T08:00:00Z","0.00010000"
"2025-01-01T16:00:00Z","0.00010000"
"2025-01-02T00:00:00Z","0.00010000"
"2025-01-02T08:00:00Z","0.00010000"
"2025-01-02T16:00:00Z","0.00010000"
"2025-01-03T00:00:00Z","0.00010000"
"2025-01-03T08:00:00Z","0.00010000"
"2025-01-03T16:00:00Z","0.00010000"
"2025-01-04T00:00:00Z","0.00010000"
"2025-01-04T08:00:00Z","0.00010000"
"2025-01-04T16:00:00Z","0.00010000"
"2025-01-05T00:00:00Z","0.00010000"
"2025-01-05T08:00:00Z","0.00010000"
"2025-01-05T16:00:00Z","0.00010000"
"2025-01-06T00:00:00Z","0.00010000"
"2025-01-06T08:00:00Z","0.00010000"
"2025-01-06T16:00:00Z","0.00010000"
"2025-01-07T00:00:00Z","0.00010000"
"2025-01-07T08:00:00Z","0.00010000"
"2025-01-07T16:00:00Z","0.00010000"
"2025-01-08T00:00:00Z","0.00009503"
"2025-01-08T08:00:00Z","0.00010000"
"2025-01-08T16:00:00Z","0.00010000"
"2025-01-09T00:00:00Z","-0.00011221"
"2025-01-09T08:00:00Z","0.00009230"
"2025-01-09T16:00:00Z","0.00008181"
"2025-01-10T00:00:00Z","0.00008461"
"2025-01-10T08:00:00Z","0.00002960"
"2025-01-10T16:00:00Z","0.00009550"
"2025-01-11T00:00:00Z","0.00008258"
"2025-01-11T08:00:00Z","0.00008141"
"2025-01-11T16:00:00Z","0.00007508"
"2025-01-12T00:00:00Z","0.00010000"
"2025-01-12T08:00:00Z","0.00010000"
"2025-01-12T16:00:00Z","0.00009921"
"2025-01-13T00:00:00Z","-0.00002576"
"2025-01-13T08:00:00Z","-0.00003593"
"2025-01-13T16:00:00Z","-0.00000817"
"2025-01-14T00:00:00Z","0.00002753"
"2025-01-14T08:00:00Z","-0.00004764"
"2025-01-14T16:00:00Z","0.00003465"
"2025-01-15T00:00:00Z","0.00010000"
"2025-01-15T08:00:00Z","0.00010000"
"2025-01-15T16:00:00Z","0.00010000"
"2025-01-16T00:00:00Z","0.00010000"
"2025-01-16T08:00:00Z","0.00010000"
"2025-01-16T16:00:00Z","0.00010000"
"2025-01-17T00:00:00Z","0.00010000"
"2025-01-17T08:00:00Z","0.00010000"
"2025-01-17T16:00:00Z","0.00010000"
"2025-01-18T00:00:00Z","0.00010000"
"2025-01-18T08:00:00Z","0.00010000"
"2025-01-18T16:00:00Z","0.00001755"
"2025-01-19T00:00:00Z","0.00010000"
"2025-01-19T08:00:00Z","0.00010000"
"2025-01-19T16:00:00Z","0.00010000"
"2025-01-20T00:00:00Z","0.00010000"
"2025-01-20T08:00:00Z","0.00010000"
"2025-01-20T16:00:00Z","0.00010000"
"2025-01-21T00:00:00Z","0.00010000"
"2025-01-21T08:00:00Z","0.00010000"
"2025-01-21T16:00:00Z","0.00010000"
"2025-01-22T00:00:00Z","0.00010000"
"2025-01-22T08:00:00Z","0.00010000"
"2025-01-22T16:00:00Z","0.00010000"
"2025-01-23T00:00:00Z","0.00010000"
"2025-01-23T08:00:00Z","0.00010000"
"2025-01-23T16:00:00Z","0.00010000"
"2025-01-24T00:00:00Z","0.00010000"
"2025-01-24T08:00:00Z","0.00010000"
"2025-01-24T16:00:00Z","0.00010000"
"2025-01-25T00:00:00Z","0.00010000"
"2025-01-25T08:00:00Z","0.00010000"
"2025-01-25T16:00:00Z","0.00010000"
"2025-01-26T00:00:00Z","0.00010000"
"2025-01-26T08:00:00Z","0.00010000"
"2025-01-26T16:00:00Z","0.00010000"
"2025-01-27T00:00:00Z","0.00010000"
"2025-01-27T08:00:00Z","-0.00005042"
"2025-01-27T16:00:00Z","-0.00000330"
"2025-01-28T00:00:00Z","0.00010000"
"2025-01-28T08:00:00Z","0.00010000"
"2025-01-28T16:00:00Z","0.00010000"
"2025-01-29T00:00:00Z","0.00010000"
"2025-01-29T08:00:00Z","0.00010000"
"2025-01-29T16:00:00Z","0.00010000"
"2025-01-30T00:00:00Z","0.00007166"
"2025-01-30T08:00:00Z","0.00010000"
"2025-01-30T16:00:00Z","0.00010000"
"2025-01-31T00:00:00Z","0.00010000"
"2025-01-31T08:00:00Z","0.00010000"
"2025-01-31T16:00:00Z","0.00010000"
"2025-02-01T00:00:00Z","0.00010000"
"2025-02-01T08:00:00Z","0.00010000"
"2025-02-01T16:00:00Z","0.00010000"
"2025-02-02T00:00:00Z","0.00002300"
"2025-02-02T08:00:00Z","0.00000159"
"2025-02-02T16:00:00Z","0.00001357"
"2025-02-03T00:00:00Z","0.00005464"
"2025-02-03T08:00:00Z","-0.00047229"
"2025-02-03T16:00:00Z","-0.00004137"
"2025-02-04T00:00:00Z","0.00010000"
"2025-02-04T08:00:00Z","-0.00000560"
"2025-02-04T16:00:00Z","-0.00007316"
"2025-02-05T00:00:00Z","0.00003206"
"2025-02-05T08:00:00Z","0.00010000"
"2025-02-05T16:00:00Z","0.00010000"
"2025-02-06T00:00:00Z","0.00010000"
"2025-02-06T08:00:00Z","0.00004965"
"2025-02-06T16:00:00Z","-0.00001512"
"2025-02-07T00:00:00Z","-0.00003670"
"2025-02-07T08:00:00Z","-0.00004366"
"2025-02-07T16:00:00Z","0.00010000"
"2025-02-08T00:00:00Z","-0.00003529"
"2025-02-08T08:00:00Z","0.00005334"
"2025-02-08T16:00:00Z","-0.00002845"
"2025-02-09T00:00:00Z","0.00010000"
"2025-02-09T08:00:00Z","0.00010000"
"2025-02-09T16:00:00Z","0.00010000"
"2025-02-10T00:00:00Z","-0.00000931"
"2025-02-10T08:00:00Z","0.00010000"
"2025-02-10T16:00:00Z","0.00010000"
"2025-02-11T00:00:00Z","-0.00000582"
"2025-02-11T08:00:00Z","0.00000793"
"2025-02-11T16:00:00Z","0.00005945"
"2025-02-12T00:00:00Z","-0.00006133"
"2025-02-12T08:00:00Z","0.00008213"
"2025-02-12T16:00:00Z","0.00007135"
"2025-02-13T00:00:00Z","0.00010000"
"2025-02-13T08:00:00Z","0.00010000"
"2025-02-13T16:00:00Z","0.00004497"
"2025-02-14T00:00:00Z","0.00000042"
"2025-02-14T08:00:00Z","0.00010000"
"2025-02-14T16:00:00Z","0.00010000"
"2025-02-15T00:00:00Z","0.00005567"
"2025-02-15T08:00:00Z","0.00004909"
"2025-02-15T16:00:00Z","0.00000373"
"2025-02-16T00:00:00Z","-0.00007949"
"2025-02-16T08:00:00Z","-0.00013540"
"2025-02-16T16:00:00Z","-0.00007782"
"2025-02-17T00:00:00Z","-0.00000781"
"2025-02-17T08:00:00Z","0.00003373"
"2025-02-17T16:00:00Z","0.00009967"
"2025-02-18T00:00:00Z","-0.00001426"
"2025-02-18T08:00:00Z","-0.00013165"
"2025-02-18T16:00:00Z","-0.00026607"
"2025-02-19T00:00:00Z","-0.00002981"
"2025-02-19T08:00:00Z","0.00000931"
"2025-02-19T16:00:00Z","0.00010000"
"2025-02-20T00:00:00Z","0.00010000"
"2025-02-20T08:00:00Z","0.00010000"
"2025-02-20T16:00:00Z","0.00010000"
"2025-02-21T00:00:00Z","0.00010000"
"2025-02-21T08:00:00Z","0.00010000"
"2025-02-21T16:00:00Z","0.00010000"
"2025-02-22T00:00:00Z","0.00010000"
"2025-02-22T08:00:00Z","0.00003029"
"2025-02-22T16:00:00Z","0.00005523"
"2025-02-23T00:00:00Z","0.00010000"
"2025-02-23T08:00:00Z","0.00010000"
"2025-02-23T16:00:00Z","0.00010000"
"2025-02-24T00:00:00Z","0.00001622"
"2025-02-24T08:00:00Z","-0.00007651"
"2025-02-24T16:00:00Z","-0.00014690"
"2025-02-25T00:00:00Z","-0.00012716"
"2025-02-25T08:00:00Z","-0.00012257"
"2025-02-25T16:00:00Z","-0.00013845"
"2025-02-26T00:00:00Z","-0.00006905"
"2025-02-26T08:00:00Z","-0.00000822"
"2025-02-26T16:00:00Z","0.00010000"
"2025-02-27T00:00:00Z","0.00010000"
"2025-02-27T08:00:00Z","0.00010000"
"2025-02-27T16:00:00Z","0.00010000"
"2025-02-28T00:00:00Z","-0.00000854"
"2025-02-28T08:00:00Z","-0.00004287"
"2025-02-28T16:00:00Z","0.00007456"
"2025-03-01T00:00:00Z","0.00010000"
"2025-03-01T08:00:00Z","0.00010000"
"2025-03-01T16:00:00Z","0.00010000"
"2025-03-02T00:00:00Z","0.00010000"
"2025-03-02T08:00:00Z","0.00010000"
"2025-03-02T16:00:00Z","0.00009467"
"2025-03-03T00:00:00Z","0.00010000"
"2025-03-03T08:00:00Z","0.00003951"
"2025-03-03T16:00:00Z","0.00000884"
"2025-03-04T00:00:00Z","-0.00022351"
"2025-03-04T08:00:00Z","0.00000392"
"2025-03-04T16:00:00Z","-0.00000491"
"2025-03-05T00:00:00Z","0.00003434"
"2025-03-05T08:00:00Z","0.00003822"
"2025-03-05T16:00:00Z","0.00009388"
"2025-03-06T00:00:00Z","0.00010000"
"2025-03-06T08:00:00Z","0.00010000"
"2025-03-06T16:00:00Z","0.00008197"
"2025-03-07T00:00:00Z","0.00004466"
"2025-03-07T08:00:00Z","0.00008472"
"2025-03-07T16:00:00Z","0.00010000"
"2025-03-08T00:00:00Z","0.00006847"
"2025-03-08T08:00:00Z","-0.00012624"
"2025-03-08T16:00:00Z","-0.00009925"
"2025-03-09T00:00:00Z","-0.00010529"
"2025-03-09T08:00:00Z","-0.00015768"
"2025-03-09T16:00:00Z","-0.00014327"
"2025-03-10T00:00:00Z","-0.00003851"
"2025-03-10T08:00:00Z","-0.00007542"
"2025-03-10T16:00:00Z","0.00008803"
"2025-03-11T00:00:00Z","-0.00013463"
"2025-03-11T08:00:00Z","-0.00009011"
"2025-03-11T16:00:00Z","0.00009332"
"2025-03-12T00:00:00Z","0.00010000"
"2025-03-12T08:00:00Z","0.00006288"
"2025-03-12T16:00:00Z","0.00009994"
"2025-03-13T00:00:00Z","0.00010000"
"2025-03-13T08:00:00Z","0.00010000"
"2025-03-13T16:00:00Z","0.00010000"
"2025-03-14T00:00:00Z","0.00009944"
"2025-03-14T08:00:00Z","0.00010000"
"2025-03-14T16:00:00Z","0.00009761"
"2025-03-15T00:00:00Z","0.00006019"
"2025-03-15T08:00:00Z","0.00010000"
"2025-03-15T16:00:00Z","-0.00000432"
"2025-03-16T00:00:00Z","0.00007812"
"2025-03-16T08:00:00Z","0.00010000"
"2025-03-16T16:00:00Z","-0.00001400"
"2025-03-17T00:00:00Z","0.00007447"
"2025-03-17T08:00:00Z","0.00010000"
"2025-03-17T16:00:00Z","-0.00001203"
"2025-03-18T00:00:00Z","0.00010000"
"2025-03-18T08:00:00Z","0.00008671"
"2025-03-18T16:00:00Z","-0.00000596"
"2025-03-19T00:00:00Z","-0.00003977"
"2025-03-19T08:00:00Z","0.00010000"
"2025-03-19T16:00:00Z","0.00010000"
"2025-03-20T00:00:00Z","0.00006508"
"2025-03-20T08:00:00Z","0.00010000"
"2025-03-20T16:00:00Z","0.00010000"
"2025-03-21T00:00:00Z","0.00007578"
"2025-03-21T08:00:00Z","0.00006452"
"2025-03-21T16:00:00Z","-0.00004284"
"2025-03-22T00:00:00Z","0.00006045"
"2025-03-22T08:00:00Z","0.00010000"
"2025-03-22T16:00:00Z","0.00010000"
"2025-03-23T00:00:00Z","-0.00001627"
"2025-03-23T08:00:00Z","0.00007511"
"2025-03-23T16:00:00Z","0.00000786"
"2025-03-24T00:00:00Z","0.00003160"
"2025-03-24T08:00:00Z","0.00010000"
"2025-03-24T16:00:00Z","0.00010000"
"2025-03-25T00:00:00Z","0.00010000"
"2025-03-25T08:00:00Z","0.00010000"
"2025-03-25T16:00:00Z","0.00004356"
"2025-03-26T00:00:00Z","0.00010000"
"2025-03-26T08:00:00Z","0.00010000"
"2025-03-26T16:00:00Z","0.00006798"
"2025-03-27T00:00:00Z","0.00007231"
"2025-03-27T08:00:00Z","0.00010000"
"2025-03-27T16:00:00Z","0.00010000"
"2025-03-28T00:00:00Z","0.00010000"
"2025-03-28T08:00:00Z","-0.00002944"
"2025-03-28T16:00:00Z","-0.00012558"
"2025-03-29T00:00:00Z","-0.00008186"
"2025-03-29T08:00:00Z","-0.00008702"
"2025-03-29T16:00:00Z","-0.00006175"
"2025-03-30T00:00:00Z","0.00000178"
"2025-03-30T08:00:00Z","-0.00004294"
"2025-03-30T16:00:00Z","-0.00002717"
"2025-03-31T00:00:00Z","-0.00006608"
"2025-03-31T08:00:00Z","-0.00001710"
"2025-03-31T16:00:00Z","0.00009806"
"2025-04-01T00:00:00Z","0.00007417"
"2025-04-01T08:00:00Z","0.00004417"
"2025-04-01T16:00:00Z","0.00006564"
"2025-04-02T00:00:00Z","0.00006236"
"2025-04-02T08:00:00Z","0.00004529"
"2025-04-02T16:00:00Z","0.00006155"
"2025-04-03T00:00:00Z","0.00002125"
"2025-04-03T08:00:00Z","0.00008886"
"2025-04-03T16:00:00Z","0.00007542"
"2025-04-04T00:00:00Z","0.00003096"
"2025-04-04T08:00:00Z","-0.00022408"
"2025-04-04T16:00:00Z","0.00008079"
"2025-04-05T00:00:00Z","0.00002396"
"2025-04-05T08:00:00Z","0.00010000"
"2025-04-05T16:00:00Z","0.00002382"
"2025-04-06T00:00:00Z","0.00010000"
"2025-04-06T08:00:00Z","0.00009225"
"2025-04-06T16:00:00Z","0.00006270"
"2025-04-07T00:00:00Z","0.00000384"
"2025-04-07T08:00:00Z","0.00006411"
"2025-04-07T16:00:00Z","-0.00000556"
"2025-04-08T00:00:00Z","0.00010000"
"2025-04-08T08:00:00Z","0.00003390"
"2025-04-08T16:00:00Z","-0.00006978"
"2025-04-09T00:00:00Z","0.00004022"
"2025-04-09T08:00:00Z","0.00001512"
"2025-04-09T16:00:00Z","0.00008547"
"2025-04-10T00:00:00Z","0.00010000"
"2025-04-10T08:00:00Z","0.00010000"
"2025-04-10T16:00:00Z","0.00005972"
"2025-04-11T00:00:00Z","0.00010000"
"2025-04-11T08:00:00Z","0.00003916"
"2025-04-11T16:00:00Z","-0.00001009"
"2025-04-12T00:00:00Z","0.00010000"
"2025-04-12T08:00:00Z","0.00010000"
"2025-04-12T16:00:00Z","0.00002407"
"2025-04-13T00:00:00Z","0.00005494"
"2025-04-13T08:00:00Z","0.00010000"
"2025-04-13T16:00:00Z","0.00010000"
"2025-04-14T00:00:00Z","0.00010000"
"2025-04-14T08:00:00Z","-0.00004277"
"2025-04-14T16:00:00Z","0.00008120"
"2025-04-15T00:00:00Z","0.00005932"
"2025-04-15T08:00:00Z","-0.00003548"
"2025-04-15T16:00:00Z","-0.00002165"
"2025-04-16T00:00:00Z","0.00003629"
"2025-04-16T08:00:00Z","0.00007954"
"2025-04-16T16:00:00Z","-0.00005848"
"2025-04-17T00:00:00Z","0.00007274"
"2025-04-17T08:00:00Z","0.00010000"
"2025-04-17T16:00:00Z","-0.00004996"
"2025-04-18T00:00:00Z","-0.00002899"
"2025-04-18T08:00:00Z","0.00010000"
"2025-04-18T16:00:00Z","0.00010000"
"2025-04-19T00:00:00Z","0.00010000"
"2025-04-19T08:00:00Z","0.00010000"
"2025-04-19T16:00:00Z","0.00010000"
"2025-04-20T00:00:00Z","0.00010000"
"2025-04-20T08:00:00Z","0.00010000"
"2025-04-20T16:00:00Z","0.00010000"
"2025-04-21T00:00:00Z","0.00010000"
"2025-04-21T08:00:00Z","0.00010000"
"2025-04-21T16:00:00Z","0.00010000"
"2025-04-22T00:00:00Z","0.00004085"
"2025-04-22T08:00:00Z","-0.00020650"
"2025-04-22T16:00:00Z","-0.00012491"
"2025-04-23T00:00:00Z","0.00006619"
"2025-04-23T08:00:00Z","0.00010000"
"2025-04-23T16:00:00Z","0.00010000"
"2025-04-24T00:00:00Z","0.00010000"
"2025-04-24T08:00:00Z","0.00010000"
"2025-04-24T16:00:00Z","0.00010000"
"2025-04-25T00:00:00Z","0.00010000"
"2025-04-25T08:00:00Z","0.00010000"
"2025-04-25T16:00:00Z","0.00002186"
"2025-04-26T00:00:00Z","0.00010000"
"2025-04-26T08:00:00Z","0.00010000"
"2025-04-26T16:00:00Z","0.00010000"
"2025-04-27T00:00:00Z","0.00001477"
"2025-04-27T08:00:00Z","0.00010000"
"2025-04-27T16:00:00Z","-0.00012604"
"2025-04-28T00:00:00Z","-0.00011009"
"2025-04-28T08:00:00Z","0.00010000"
"2025-04-28T16:00:00Z","0.00010000"
"2025-04-29T00:00:00Z","0.00010000"
"2025-04-29T08:00:00Z","0.00010000"
"2025-04-29T16:00:00Z","0.00010000"
"2025-04-30T00:00:00Z","0.00005137"
"2025-04-30T08:00:00Z","-0.00003081"
"2025-04-30T16:00:00Z","0.00007641"
"2025-05-01T00:00:00Z","0.00010000"
"2025-05-01T08:00:00Z","0.00000149"
"2025-05-01T16:00:00Z","0.00001031"
"2025-05-02T00:00:00Z","0.00005687"
"2025-05-02T08:00:00Z","0.00010000"
"2025-05-02T16:00:00Z","-0.00000906"
"2025-05-03T00:00:00Z","0.00010000"
"2025-05-03T08:00:00Z","0.00007305"
"2025-05-03T16:00:00Z","-0.00013691"
"2025-05-04T00:00:00Z","-0.00013280"
"2025-05-04T08:00:00Z","-0.00011574"
"2025-05-04T16:00:00Z","-0.00000951"
"2025-05-05T00:00:00Z","-0.00004259"
"2025-05-05T08:00:00Z","0.00003913"
"2025-05-05T16:00:00Z","-0.00002411"
"2025-05-06T00:00:00Z","-0.00012804"
"2025-05-06T08:00:00Z","0.00002459"
"2025-05-06T16:00:00Z","0.00005631"
"2025-05-07T00:00:00Z","0.00010000"
"2025-05-07T08:00:00Z","0.00010000"
"2025-05-07T16:00:00Z","0.00005799"
"2025-05-08T00:00:00Z","0.00010000"
"2025-05-08T08:00:00Z","0.00010000"
"2025-05-08T16:00:00Z","0.00010000"
"2025-05-09T00:00:00Z","0.00010000"
"2025-05-09T08:00:00Z","0.00010000"
"2025-05-09T16:00:00Z","0.00010000"
"2025-05-10T00:00:00Z","0.00010000"
"2025-05-10T08:00:00Z","0.00010000"
"2025-05-10T16:00:00Z","0.00010000"
"2025-05-11T00:00:00Z","0.00002512"
"2025-05-11T08:00:00Z","0.00010000"
"2025-05-11T16:00:00Z","0.00010000"
"2025-05-12T00:00:00Z","0.00010000"
"2025-05-12T08:00:00Z","0.00010000"
"2025-05-12T16:00:00Z","0.00010000"
"2025-05-13T00:00:00Z","0.00010000"
"2025-05-13T08:00:00Z","0.00010000"
"2025-05-13T16:00:00Z","0.00009351"
"2025-05-14T00:00:00Z","0.00010000"
"2025-05-14T08:00:00Z","0.00010000"
"2025-05-14T16:00:00Z","-0.00000672"
"2025-05-15T00:00:00Z","0.00003232"
"2025-05-15T08:00:00Z","-0.00000651"
"2025-05-15T16:00:00Z","-0.00001363"
"2025-05-16T00:00:00Z","0.00004392"
"2025-05-16T08:00:00Z","0.00010000"
"2025-05-16T16:00:00Z","0.00009827"
"2025-05-17T00:00:00Z","0.00006471"
"2025-05-17T08:00:00Z","0.00008062"
"2025-05-17T16:00:00Z","0.00006030"
"2025-05-18T00:00:00Z","-0.00001841"
"2025-05-18T08:00:00Z","-0.00003264"
"2025-05-18T16:00:00Z","0.00010000"
"2025-05-19T00:00:00Z","0.00007962"
"2025-05-19T08:00:00Z","-0.00000686"
"2025-05-19T16:00:00Z","0.00010000"
"2025-05-20T00:00:00Z","0.00010000"
"2025-05-20T08:00:00Z","0.00010000"
"2025-05-20T16:00:00Z","0.00008997"
"2025-05-21T00:00:00Z","0.00010000"
"2025-05-21T08:00:00Z","0.00010000"
"2025-05-21T16:00:00Z","0.00010000"
"2025-05-22T00:00:00Z","0.00010000"
"2025-05-22T08:00:00Z","0.00010000"
"2025-05-22T16:00:00Z","0.00010000"
"2025-05-23T00:00:00Z","0.00010000"
"2025-05-23T08:00:00Z","0.00010000"
"2025-05-23T16:00:00Z","0.00010000"
"2025-05-24T00:00:00Z","0.00001800"
"2025-05-24T08:00:00Z","0.00005163"
"2025-05-24T16:00:00Z","-0.00007328"
"2025-05-25T00:00:00Z","-0.00004587"
"2025-05-25T08:00:00Z","0.00001612"
"2025-05-25T16:00:00Z","-0.00015442"
"2025-05-26T00:00:00Z","0.00006857"
"2025-05-26T08:00:00Z","0.00004676"
"2025-05-26T16:00:00Z","0.00002565"
"2025-05-27T00:00:00Z","0.00004822"
"2025-05-27T08:00:00Z","0.00006206"
"2025-05-27T16:00:00Z","0.00008901"
"2025-05-28T00:00:00Z","0.00010000"
"2025-05-28T08:00:00Z","0.00009922"
"2025-05-28T16:00:00Z","0.00010000"
"2025-05-29T00:00:00Z","0.00010000"
"2025-05-29T08:00:00Z","0.00010000"
"2025-05-29T16:00:00Z","0.00004554"
"2025-05-30T00:00:00Z","-0.00005408"
"2025-05-30T08:00:00Z","-0.00014536"
"2025-05-30T16:00:00Z","-0.00001140"
"2025-05-31T00:00:00Z","-0.00009516"
"2025-05-31T08:00:00Z","-0.00007736"
"2025-05-31T16:00:00Z","-0.00005534"
"2025-06-01T00:00:00Z","-0.00020822"
"2025-06-01T08:00:00Z","-0.00005972"
"2025-06-01T16:00:00Z","0.00010000"
"2025-06-02T00:00:00Z","0.00002090"
"2025-06-02T08:00:00Z","0.00010000"
"2025-06-02T16:00:00Z","0.00010000"
"2025-06-03T00:00:00Z","0.00010000"
"2025-06-03T08:00:00Z","0.00010000"
"2025-06-03T16:00:00Z","0.00010000"
"2025-06-04T00:00:00Z","0.00010000"
"2025-06-04T08:00:00Z","0.00010000"
"2025-06-04T16:00:00Z","0.00009404"
"2025-06-05T00:00:00Z","0.00006301"
"2025-06-05T08:00:00Z","0.00000435"
"2025-06-05T16:00:00Z","0.00010000"
"2025-06-06T00:00:00Z","-0.00019252"
"2025-06-06T08:00:00Z","-0.00021837"
"2025-06-06T16:00:00Z","0.00006135"
"2025-06-07T00:00:00Z","0.00010000"
"2025-06-07T08:00:00Z","0.00008344"
"2025-06-07T16:00:00Z","0.00010000"
"2025-06-08T00:00:00Z","0.00006837"
"2025-06-08T08:00:00Z","0.00010000"
"2025-06-08T16:00:00Z","0.00010000"
"2025-06-09T00:00:00Z","0.00004852"
"2025-06-09T08:00:00Z","0.00010000"
"2025-06-09T16:00:00Z","0.00010000"
"2025-06-10T00:00:00Z","0.00010000"
"2025-06-10T08:00:00Z","0.00010000"
"2025-06-10T16:00:00Z","0.00010000"
"2025-06-11T00:00:00Z","0.00010000"
"2025-06-11T08:00:00Z","0.00010000"
"2025-06-11T16:00:00Z","0.00010000"
"2025-06-12T00:00:00Z","0.00010000"
"2025-06-12T08:00:00Z","0.00010000"
"2025-06-12T16:00:00Z","-0.00007034"
"2025-06-13T00:00:00Z","-0.00008205"
"2025-06-13T08:00:00Z","-0.00020708"
"2025-06-13T16:00:00Z","-0.00000151"
"2025-06-14T00:00:00Z","0.00001005"
"2025-06-14T08:00:00Z","0.00010000"
"2025-06-14T16:00:00Z","0.00000751"
"2025-06-15T00:00:00Z","0.00007743"
"2025-06-15T08:00:00Z","0.00010000"
"2025-06-15T16:00:00Z","-0.00001784"
"2025-06-16T00:00:00Z","0.00008417"
"2025-06-16T08:00:00Z","0.00010000"
"2025-06-16T16:00:00Z","0.00004738"
"2025-06-17T00:00:00Z","0.00010000"
"2025-06-17T08:00:00Z","0.00006616"
"2025-06-17T16:00:00Z","0.00002668"
"2025-06-18T00:00:00Z","-0.00009760"
"2025-06-18T08:00:00Z","-0.00001780"
"2025-06-18T16:00:00Z","-0.00002297"
"2025-06-19T00:00:00Z","-0.00001670"
"2025-06-19T08:00:00Z","0.00010000"
"2025-06-19T16:00:00Z","0.00010000"
"2025-06-20T00:00:00Z","-0.00003364"
"2025-06-20T08:00:00Z","0.00010000"
"2025-06-20T16:00:00Z","-0.00004663"
"2025-06-21T00:00:00Z","0.00001918"
"2025-06-21T08:00:00Z","0.00010000"
"2025-06-21T16:00:00Z","-0.00015975"
"2025-06-22T00:00:00Z","-0.00010122"
"2025-06-22T08:00:00Z","-0.00010518"
"2025-06-22T16:00:00Z","-0.00008386"
"2025-06-23T00:00:00Z","-0.00001671"
"2025-06-23T08:00:00Z","-0.00007444"
"2025-06-23T16:00:00Z","-0.00007475"
"2025-06-24T00:00:00Z","0.00010000"
"2025-06-24T08:00:00Z","0.00010000"
"2025-06-24T16:00:00Z","0.00010000"
"2025-06-25T00:00:00Z","0.00010000"
"2025-06-25T08:00:00Z","0.00003577"
"2025-06-25T16:00:00Z","0.00009547"
"2025-06-26T00:00:00Z","0.00010000"
"2025-06-26T08:00:00Z","0.00000927"
"2025-06-26T16:00:00Z","0.00010000"
"2025-06-27T00:00:00Z","0.00005468"
"2025-06-27T08:00:00Z","-0.00005590"
"2025-06-27T16:00:00Z","-0.00008617"
"2025-06-28T00:00:00Z","0.00004082"
"2025-06-28T08:00:00Z","-0.00001158"
"2025-06-28T16:00:00Z","0.00010000"
"2025-06-29T00:00:00Z","0.00010000"
"2025-06-29T08:00:00Z","0.00010000"
"2025-06-29T16:00:00Z","0.00006386"
"2025-06-30T00:00:00Z","0.00010000"
"2025-06-30T08:00:00Z","0.00010000"
"2025-06-30T16:00:00Z","-0.00003874"
"2025-07-01T00:00:00Z","-0.00000147"
"2025-07-01T08:00:00Z","0.00001273"
"2025-07-01T16:00:00Z","-0.00002152"
"2025-07-02T00:00:00Z","-0.00009974"
"2025-07-02T08:00:00Z","0.00010000"
"2025-07-02T16:00:00Z","0.00010000"
"2025-07-03T00:00:00Z","0.00010000"
"2025-07-03T08:00:00Z","0.00010000"
"2025-07-03T16:00:00Z","0.00010000"
"2025-07-04T00:00:00Z","0.00010000"
"2025-07-04T08:00:00Z","0.00009660"
"2025-07-04T16:00:00Z","-0.00000076"
"2025-07-05T00:00:00Z","-0.00007619"
"2025-07-05T08:00:00Z","-0.00004891"
"2025-07-05T16:00:00Z","-0.00003582"
"2025-07-06T00:00:00Z","0.00005296"
"2025-07-06T08:00:00Z","0.00010000"
"2025-07-06T16:00:00Z","0.00003996"
"2025-07-07T00:00:00Z","0.00010000"
"2025-07-07T08:00:00Z","0.00010000"
"2025-07-07T16:00:00Z","0.00010000"
"2025-07-08T00:00:00Z","0.00010000"
"2025-07-08T08:00:00Z","-0.00002383"
"2025-07-08T16:00:00Z","0.00010000"
"2025-07-09T00:00:00Z","0.00010000"
"2025-07-09T08:00:00Z","0.00010000"
"2025-07-09T16:00:00Z","0.00010000"
"2025-07-10T00:00:00Z","0.00010000"
"2025-07-10T08:00:00Z","0.00010000"
"2025-07-10T16:00:00Z","0.00010000"
"2025-07-11T00:00:00Z","0.00010000"
"2025-07-11T08:00:00Z","0.00010000"
"2025-07-11T16:00:00Z","0.00010000"
"2025-07-12T00:00:00Z","0.00010000"
"2025-07-12T08:00:00Z","0.00010000"
"2025-07-12T16:00:00Z","0.00010000"
"2025-07-13T00:00:00Z","0.00010000"
"2025-07-13T08:00:00Z","0.00010000"
"2025-07-13T16:00:00Z","0.00010000"
"2025-07-14T00:00:00Z","0.00010000"
"2025-07-14T08:00:00Z","0.00010000"
"2025-07-14T16:00:00Z","0.00010000"
"2025-07-15T00:00:00Z","0.00010000"
"2025-07-15T08:00:00Z","0.00010000"
"2025-07-15T16:00:00Z","0.00010000"
"2025-07-16T00:00:00Z","0.00010000"
"2025-07-16T08:00:00Z","0.00010000"
"2025-07-16T16:00:00Z","0.00010000"
"2025-07-17T00:00:00Z","0.00010000"
"2025-07-17T08:00:00Z","0.00010000"
"2025-07-17T16:00:00Z","0.00010000"
"2025-07-18T00:00:00Z","0.00010000"
"2025-07-18T08:00:00Z","0.00010000"
"2025-07-18T16:00:00Z","0.00010000"
"2025-07-19T00:00:00Z","0.00010000"
"2025-07-19T08:00:00Z","0.00010000"
"2025-07-19T16:00:00Z","0.00010000"
"2025-07-20T00:00:00Z","0.00010000"
"2025-07-20T08:00:00Z","0.00010000"
"2025-07-20T16:00:00Z","0.00010000"
"2025-07-21T00:00:00Z","0.00010000"
"2025-07-21T08:00:00Z","0.00010000"
"2025-07-21T16:00:00Z","0.00010000"
"2025-07-22T00:00:00Z","0.00010000"
"2025-07-22T08:00:00Z","0.00010000"
"2025-07-22T16:00:00Z","0.00010000"
"2025-07-23T00:00:00Z","0.00010000"
"2025-07-23T08:00:00Z","0.00010686"
"2025-07-23T16:00:00Z","0.00010000"
"2025-07-24T00:00:00Z","0.00010000"
"2025-07-24T08:00:00Z","0.00010000"
"2025-07-24T16:00:00Z","0.00010000"
"2025-07-25T00:00:00Z","0.00010000"
"2025-07-25T08:00:00Z","0.00010000"
"2025-07-25T16:00:00Z","0.00010000"
"2025-07-26T00:00:00Z","0.00010000"
"2025-07-26T08:00:00Z","0.00010000"
"2025-07-26T16:00:00Z","0.00010000"
"2025-07-27T00:00:00Z","0.00010000"
"2025-07-27T08:00:00Z","0.00010000"
"2025-07-27T16:00:00Z","0.00010000"
"2025-07-28T00:00:00Z","0.00010000"
"2025-07-28T08:00:00Z","0.00010000"
"2025-07-28T16:00:00Z","0.00010000"
"2025-07-29T00:00:00Z","0.00010000"
"2025-07-29T08:00:00Z","0.00010000"
"2025-07-29T16:00:00Z","0.00010000"
"2025-07-30T00:00:00Z","0.00000907"
"2025-07-30T08:00:00Z","0.00005158"
"2025-07-30T16:00:00Z","-0.00000104"
"2025-07-31T00:00:00Z","0.00010000"
"2025-07-31T08:00:00Z","0.00010000"
"2025-07-31T16:00:00Z","-0.00004125"
"2025-08-01T00:00:00Z","0.00005030"
"2025-08-01T08:00:00Z","-0.00001511"
"2025-08-01T16:00:00Z","0.00001618"
"2025-08-02T00:00:00Z","0.00010000"
"2025-08-02T08:00:00Z","0.00010000"
"2025-08-02T16:00:00Z","-0.00002879"
"2025-08-03T00:00:00Z","-0.00003403"
"2025-08-03T08:00:00Z","0.00000608"
"2025-08-03T16:00:00Z","0.00009732"
"2025-08-04T00:00:00Z","0.00002463"
"2025-08-04T08:00:00Z","0.00002363"
"2025-08-04T16:00:00Z","0.00010000"
"2025-08-05T00:00:00Z","0.00010000"
"2025-08-05T08:00:00Z","0.00010000"
"2025-08-05T16:00:00Z","0.00010000"
"2025-08-06T00:00:00Z","0.00010000"
"2025-08-06T08:00:00Z","0.00006752"
"2025-08-06T16:00:00Z","0.00010000"
"2025-08-07T00:00:00Z","0.00010000"
"2025-08-07T08:00:00Z","0.00010000"
"2025-08-07T16:00:00Z","0.00010000"
"2025-08-08T00:00:00Z","0.00010000"
"2025-08-08T08:00:00Z","0.00010000"
"2025-08-08T16:00:00Z","0.00010000"
"2025-08-09T00:00:00Z","0.00010000"
"2025-08-09T08:00:00Z","0.00010000"
"2025-08-09T16:00:00Z","0.00010000"
"2025-08-10T00:00:00Z","0.00010000"
"2025-08-10T08:00:00Z","0.00010000"
"2025-08-10T16:00:00Z","0.00010000"
"2025-08-11T00:00:00Z","0.00010000"
"2025-08-11T08:00:00Z","0.00010000"
"2025-08-11T16:00:00Z","0.00010000"
"2025-08-12T00:00:00Z","0.00007740"
"2025-08-12T08:00:00Z","0.00010000"
"2025-08-12T16:00:00Z","0.00010000"
"2025-08-13T00:00:00Z","0.00010000"
"2025-08-13T08:00:00Z","0.00010000"
"2025-08-13T16:00:00Z","0.00010000"
"2025-08-14T00:00:00Z","0.00010000"
"2025-08-14T08:00:00Z","0.00010000"
"2025-08-14T16:00:00Z","0.00010000"
"2025-08-15T00:00:00Z","0.00004512"
"2025-08-15T08:00:00Z","0.00004020"
"2025-08-15T16:00:00Z","0.00006254"
"2025-08-16T00:00:00Z","0.00010000"
"2025-08-16T08:00:00Z","0.00010000"
"2025-08-16T16:00:00Z","0.00010000"
"2025-08-17T00:00:00Z","0.00010000"
"2025-08-17T08:00:00Z","0.00010000"
"2025-08-17T16:00:00Z","0.00010000"
"2025-08-18T00:00:00Z","0.00010000"
"2025-08-18T08:00:00Z","0.00000895"
"2025-08-18T16:00:00Z","-0.00002030"
"2025-08-19T00:00:00Z","0.00007046"
"2025-08-19T08:00:00Z","0.00003079"
"2025-08-19T16:00:00Z","0.00010000"
"2025-08-20T00:00:00Z","-0.00000130"
"2025-08-20T08:00:00Z","0.00005168"
"2025-08-20T16:00:00Z","0.00009654"
"2025-08-21T00:00:00Z","0.00010000"
"2025-08-21T08:00:00Z","0.00010000"
"2025-08-21T16:00:00Z","0.00001927"
"2025-08-22T00:00:00Z","0.00010000"
"2025-08-22T08:00:00Z","0.00010000"
"2025-08-22T16:00:00Z","0.00003065"
"2025-08-23T00:00:00Z","0.00010000"
"2025-08-23T08:00:00Z","0.00010000"
"2025-08-23T16:00:00Z","0.00010000"
"2025-08-24T00:00:00Z","0.00010000"
"2025-08-24T08:00:00Z","0.00010000"
"2025-08-24T16:00:00Z","0.00008207"
"2025-08-25T00:00:00Z","0.00010000"
"2025-08-25T08:00:00Z","0.00002153"
"2025-08-25T16:00:00Z","-0.00018226"
"2025-08-26T00:00:00Z","-0.00012365"
"2025-08-26T08:00:00Z","0.00000734"
"2025-08-26T16:00:00Z","-0.00001447"
"2025-08-27T00:00:00Z","0.00010000"
"2025-08-27T08:00:00Z","0.00010000"
"2025-08-27T16:00:00Z","-0.00001324"
"2025-08-28T00:00:00Z","0.00010000"
"2025-08-28T08:00:00Z","0.00010000"
"2025-08-28T16:00:00Z","0.00010000"
"2025-08-29T00:00:00Z","0.00010000"
"2025-08-29T08:00:00Z","0.00006489"
"2025-08-29T16:00:00Z","0.00001138"
"2025-08-30T00:00:00Z","0.00006006"
"2025-08-30T08:00:00Z","0.00010000"
"2025-08-30T16:00:00Z","-0.00005929"
"2025-08-31T00:00:00Z","0.00005067"
"2025-08-31T08:00:00Z","0.00010000"
"2025-08-31T16:00:00Z","0.00007209"
"2025-09-01T00:00:00Z","0.00000851"
"2025-09-01T08:00:00Z","-0.00007710"
"2025-09-01T16:00:00Z","0.00002209"
"2025-09-02T00:00:00Z","-0.00025621"
"2025-09-02T08:00:00Z","0.00010000"
"2025-09-02T16:00:00Z","0.00003630"
"2025-09-03T00:00:00Z","0.00010000"
"2025-09-03T08:00:00Z","-0.00001451"
"2025-09-03T16:00:00Z","0.00010000"
"2025-09-04T00:00:00Z","0.00010000"
"2025-09-04T08:00:00Z","0.00010000"
"2025-09-04T16:00:00Z","0.00003705"
"2025-09-05T00:00:00Z","-0.00010495"
"2025-09-05T08:00:00Z","0.00010000"
"2025-09-05T16:00:00Z","0.00010000"
"2025-09-06T00:00:00Z","0.00010000"
"2025-09-06T08:00:00Z","0.00010000"
"2025-09-06T16:00:00Z","0.00010000"
"2025-09-07T00:00:00Z","0.00010000"
"2025-09-07T08:00:00Z","0.00007539"
"2025-09-07T16:00:00Z","0.00010000"
"2025-09-08T00:00:00Z","0.00004801"
"2025-09-08T08:00:00Z","0.00010000"
"2025-09-08T16:00:00Z","0.00010000"
"2025-09-09T00:00:00Z","0.00010000"
"2025-09-09T08:00:00Z","0.00010000"
"2025-09-09T16:00:00Z","0.00010000"
"2025-09-10T00:00:00Z","0.00010000"
"2025-09-10T08:00:00Z","0.00010000"
"2025-09-10T16:00:00Z","0.00010000"
"2025-09-11T00:00:00Z","0.00010000"
"2025-09-11T08:00:00Z","0.00010000"
"2025-09-11T16:00:00Z","0.00010000"
"2025-09-12T00:00:00Z","0.00010000"
"2025-09-12T08:00:00Z","0.00010000"
"2025-09-12T16:00:00Z","0.00010000"
"2025-09-13T00:00:00Z","0.00010000"
"2025-09-13T08:00:00Z","0.00010000"
"2025-09-13T16:00:00Z","0.00010000"
"2025-09-14T00:00:00Z","0.00010000"
"2025-09-14T08:00:00Z","0.00010000"
"2025-09-14T16:00:00Z","0.00007959"
"2025-09-15T00:00:00Z","0.00010000"
"2025-09-15T08:00:00Z","0.00010000"
"2025-09-15T16:00:00Z","0.00000677"
"2025-09-16T00:00:00Z","-0.00002765"
"2025-09-16T08:00:00Z","0.00010000"
"2025-09-16T16:00:00Z","0.00010000"
"2025-09-17T00:00:00Z","0.00007371"
"2025-09-17T08:00:00Z","0.00008050"
"2025-09-17T16:00:00Z","-0.00002843"
"2025-09-18T00:00:00Z","0.00010000"
"2025-09-18T08:00:00Z","0.00010000"
"2025-09-18T16:00:00Z","0.00010000"
"2025-09-19T00:00:00Z","0.00010000"
"2025-09-19T08:00:00Z","0.00010000"
"2025-09-19T16:00:00Z","0.00010000"
"2025-09-20T00:00:00Z","-0.00000979"
"2025-09-20T08:00:00Z","0.00010000"
"2025-09-20T16:00:00Z","-0.00004298"
"2025-09-21T00:00:00Z","0.00010000"
"2025-09-21T08:00:00Z","0.00010000"
"2025-09-21T16:00:00Z","0.00008965"
"2025-09-22T00:00:00Z","-0.00009281"
"2025-09-22T08:00:00Z","0.00003653"
"2025-09-22T16:00:00Z","-0.00011009"
"2025-09-23T00:00:00Z","-0.00008563"
"2025-09-23T08:00:00Z","0.00010000"
"2025-09-23T16:00:00Z","-0.00006670"
"2025-09-24T00:00:00Z","0.00006360"
"2025-09-24T08:00:00Z","0.00010000"
"2025-09-24T16:00:00Z","0.00010000"
"2025-09-25T00:00:00Z","0.00001880"
"2025-09-25T08:00:00Z","-0.00012279"
"2025-09-25T16:00:00Z","0.00005743"
"2025-09-26T00:00:00Z","-0.00002256"
"2025-09-26T08:00:00Z","0.00009081"
"2025-09-26T16:00:00Z","-0.00005444"
"2025-09-27T00:00:00Z","-0.00002860"
"2025-09-27T08:00:00Z","0.00003465"
"2025-09-27T16:00:00Z","0.00002006"
"2025-09-28T00:00:00Z","0.00005624"
"2025-09-28T08:00:00Z","-0.00002884"
"2025-09-28T16:00:00Z","0.00005391"
"2025-09-29T00:00:00Z","0.00010000"
"2025-09-29T08:00:00Z","0.00010000"
"2025-09-29T16:00:00Z","-0.00000512"
"2025-09-30T00:00:00Z","0.00010000"
"2025-09-30T08:00:00Z","-0.00012714"
"2025-09-30T16:00:00Z","-0.00006820"
"2025-10-01T00:00:00Z","0.00010000"
"2025-10-01T08:00:00Z","0.00010000"
"2025-10-01T16:00:00Z","0.00010000"
"2025-10-02T00:00:00Z","0.00007021"
"2025-10-02T08:00:00Z","0.00010000"
"2025-10-02T16:00:00Z","0.00010000"
"2025-10-03T00:00:00Z","0.00010000"
"2025-10-03T08:00:00Z","0.00010000"
"2025-10-03T16:00:00Z","0.00010000"
"2025-10-04T00:00:00Z","0.00010000"
"2025-10-04T08:00:00Z","0.00009527"
"2025-10-04T16:00:00Z","0.00007018"
"2025-10-05T00:00:00Z","-0.00000726"
"2025-10-05T08:00:00Z","0.00010000"
"2025-10-05T16:00:00Z","0.00010000"
"2025-10-06T00:00:00Z","0.00010000"
"2025-10-06T08:00:00Z","0.00007104"
"2025-10-06T16:00:00Z","0.00010000"
"2025-10-07T00:00:00Z","0.00010000"
"2025-10-07T08:00:00Z","0.00010000"
"2025-10-07T16:00:00Z","0.00010000"
"2025-10-08T00:00:00Z","-0.00000490"
"2025-10-08T08:00:00Z","0.00010000"
"2025-10-08T16:00:00Z","0.00010000"
"2025-10-09T00:00:00Z","0.00010000"
"2025-10-09T08:00:00Z","0.00010000"
"2025-10-09T16:00:00Z","0.00009737"
"2025-10-10T00:00:00Z","0.00010000"
"2025-10-10T08:00:00Z","0.00010000"
"2025-10-10T16:00:00Z","0.00010000"
"2025-10-11T00:00:00Z","0.00010000"
"2025-10-11T08:00:00Z","0.00004706"
"2025-10-11T16:00:00Z","-0.00015256"
"2025-10-12T00:00:00Z","-0.00009966"
"2025-10-12T08:00:00Z","-0.00011493"
"2025-10-12T16:00:00Z","-0.00012904"
"2025-10-13T00:00:00Z","-0.00001690"
"2025-10-13T08:00:00Z","0.00000633"
"2025-10-13T16:00:00Z","0.00004095"
"2025-10-14T00:00:00Z","0.00005014"
"2025-10-14T08:00:00Z","-0.00019518"
"2025-10-14T16:00:00Z","0.00010000"
"2025-10-15T00:00:00Z","0.00010000"
"2025-10-15T08:00:00Z","0.00010000"
"2025-10-15T16:00:00Z","0.00004696"
"2025-10-16T00:00:00Z","-0.00010955"
"2025-10-16T08:00:00Z","0.00004895"
"2025-10-16T16:00:00Z","0.00000249"
"2025-10-17T00:00:00Z","-0.00028887"
"2025-10-17T08:00:00Z","0.00008708"
"2025-10-17T16:00:00Z","-0.00001172"
"2025-10-18T00:00:00Z","-0.00007026"
"2025-10-18T08:00:00Z","-0.00015831"
"2025-10-18T16:00:00Z","0.00005018"
"2025-10-19T00:00:00Z","0.00005916"
"2025-10-19T08:00:00Z","0.00008872"
"2025-10-19T16:00:00Z","0.00005180"
"2025-10-20T00:00:00Z","0.00010000"
"2025-10-20T08:00:00Z","0.00010000"
"2025-10-20T16:00:00Z","-0.00000872"
"2025-10-21T00:00:00Z","0.00004345"
"2025-10-21T08:00:00Z","0.00000839"
"2025-10-21T16:00:00Z","-0.00018126"
"2025-10-22T00:00:00Z","0.00010000"
"2025-10-22T08:00:00Z","-0.00012629"
"2025-10-22T16:00:00Z","0.00008296"
"2025-10-23T00:00:00Z","0.00006066"
"2025-10-23T08:00:00Z","0.00005726"
"2025-10-23T16:00:00Z","0.00005996"
"2025-10-24T00:00:00Z","0.00001693"
"2025-10-24T08:00:00Z","0.00010000"
"2025-10-24T16:00:00Z","-0.00000992"
"2025-10-25T00:00:00Z","0.00010000"
"2025-10-25T08:00:00Z","0.00007373"
"2025-10-25T16:00:00Z","0.00010000"
"2025-10-26T00:00:00Z","0.00000356"
"2025-10-26T08:00:00Z","0.00010000"
"2025-10-26T16:00:00Z","0.00010000"
"2025-10-27T00:00:00Z","0.00010000"
"2025-10-27T08:00:00Z","0.00010000"
"2025-10-27T16:00:00Z","0.00010000"
"2025-10-28T00:00:00Z","0.00010000"
"2025-10-28T08:00:00Z","0.00001014"
"2025-10-28T16:00:00Z","0.00003490"
"2025-10-29T00:00:00Z","-0.00004953"
"2025-10-29T08:00:00Z","-0.00001408"
"2025-10-29T16:00:00Z","0.00010000"
"2025-10-30T00:00:00Z","0.00008346"
"2025-10-30T08:00:00Z","0.00000925"
"2025-10-30T16:00:00Z","-0.00032806"
"2025-10-31T00:00:00Z","-0.00034907"
"2025-10-31T08:00:00Z","0.00008600"
"2025-10-31T16:00:00Z","0.00010000"
"2025-11-01T00:00:00Z","0.00005187"
"2025-11-01T08:00:00Z","0.00010000"
"2025-11-01T16:00:00Z","0.00010000"
"2025-11-02T00:00:00Z","0.00010000"
"2025-11-02T08:00:00Z","0.00004964"
"2025-11-02T16:00:00Z","0.00002245"
"2025-11-03T00:00:00Z","-0.00002458"
"2025-11-03T08:00:00Z","-0.00043759"
"2025-11-03T16:00:00Z","-0.00003996"
"2025-11-04T00:00:00Z","-0.00074537"
"2025-11-04T08:00:00Z","-0.00030007"
"2025-11-04T16:00:00Z","-0.00055822"
"2025-11-05T00:00:00Z","-0.00079001"
"2025-11-05T08:00:00Z","-0.00013627"
"2025-11-05T16:00:00Z","-0.00055870"
"2025-11-06T00:00:00Z","-0.00032323"
"2025-11-06T08:00:00Z","-0.00045470"
"2025-11-06T16:00:00Z","-0.00049773"
"2025-11-07T00:00:00Z","-0.00582186"
"2025-11-07T08:00:00Z","-0.00220562"
"2025-11-07T16:00:00Z","-0.00279535"
"2025-11-08T00:00:00Z","0.00010000"
"2025-11-08T08:00:00Z","-0.00002470"
"2025-11-08T16:00:00Z","0.00010000"
"2025-11-09T00:00:00Z","0.00010000"
"2025-11-09T08:00:00Z","0.00010000"
"2025-11-09T16:00:00Z","0.00010000"
"2025-11-10T00:00:00Z","0.00010000"
"2025-11-10T08:00:00Z","0.00010000"
"2025-11-10T16:00:00Z","0.00010000"
"2025-11-11T00:00:00Z","0.00010000"
"2025-11-11T08:00:00Z","0.00010000"
"2025-11-11T16:00:00Z","0.00010000"
"2025-11-12T00:00:00Z","0.00010000"
"2025-11-12T08:00:00Z","0.00010000"
"2025-11-12T16:00:00Z","0.00007678"
"2025-11-13T00:00:00Z","0.00010000"
"2025-11-13T08:00:00Z","0.00010000"
"2025-11-13T16:00:00Z","0.00003774"
"2025-11-14T00:00:00Z","0.00010000"
"2025-11-14T08:00:00Z","0.00008169"
"2025-11-14T16:00:00Z","0.00003512"
"2025-11-15T00:00:00Z","0.00003910"
"2025-11-15T08:00:00Z","-0.00003341"
"2025-11-15T16:00:00Z","0.00000231"
"2025-11-16T00:00:00Z","0.00002852"
"2025-11-16T08:00:00Z","-0.00001160"
"2025-11-16T16:00:00Z","-0.00003928"
"2025-11-17T00:00:00Z","0.00010000"
"2025-11-17T08:00:00Z","0.00004356"
"2025-11-17T16:00:00Z","0.00010000"
"2025-11-18T00:00:00Z","-0.00012703"
"2025-11-18T08:00:00Z","-0.00048810"
"2025-11-18T16:00:00Z","-0.00010506"
"2025-11-19T00:00:00Z","-0.00008541"
"2025-11-19T08:00:00Z","-0.00006476"
"2025-11-19T16:00:00Z","0.00010000"
"2025-11-20T00:00:00Z","0.00010000"
"2025-11-20T08:00:00Z","0.00010000"
"2025-11-20T16:00:00Z","0.00010000"
"2025-11-21T00:00:00Z","0.00010000"
"2025-11-21T08:00:00Z","0.00010000"
"2025-11-21T16:00:00Z","0.00010000"
"2025-11-22T00:00:00Z","0.00003692"
"2025-11-22T08:00:00Z","0.00006186"
"2025-11-22T16:00:00Z","0.00002916"
"2025-11-23T00:00:00Z","0.00006366"
"2025-11-23T08:00:00Z","-0.00003108"
"2025-11-23T16:00:00Z","0.00000311"
"2025-11-24T00:00:00Z","0.00001869"
"2025-11-24T08:00:00Z","-0.00001004"
"2025-11-24T16:00:00Z","-0.00006174"
"2025-11-25T00:00:00Z","0.00010000"
"2025-11-25T08:00:00Z","-0.00001250"
"2025-11-25T16:00:00Z","-0.00021695"
"2025-11-26T00:00:00Z","0.00008655"
"2025-11-26T08:00:00Z","-0.00001048"
"2025-11-26T16:00:00Z","-0.00014987"
"2025-11-27T00:00:00Z","0.00010000"
"2025-11-27T08:00:00Z","0.00010000"
"2025-11-27T16:00:00Z","-0.00012684"
"2025-11-28T00:00:00Z","0.00000045"
"2025-11-28T08:00:00Z","-0.00004297"
"2025-11-28T16:00:00Z","0.00010000"
"2025-11-29T00:00:00Z","-0.00001232"
"2025-11-29T08:00:00Z","-0.00007320"
"2025-11-29T16:00:00Z","0.00010000"
"2025-11-30T00:00:00Z","0.00010000"
"2025-11-30T08:00:00Z","0.00010000"
"2025-11-30T16:00:00Z","-0.00013770"
"2025-12-01T00:00:00Z","-0.00028208"
"2025-12-01T08:00:00Z","-0.00013532"
"2025-12-01T16:00:00Z","0.00000647"
"2025-12-02T00:00:00Z","0.00010000"
"2025-12-02T08:00:00Z","0.00005296"
"2025-12-02T16:00:00Z","0.00004603"
"2025-12-03T00:00:00Z","0.00010000"
"2025-12-03T08:00:00Z","0.00009677"
"2025-12-03T16:00:00Z","0.00010000"
"2025-12-04T00:00:00Z","0.00010000"
"2025-12-04T08:00:00Z","0.00010000"
"2025-12-04T16:00:00Z","0.00010000"
"2025-12-05T00:00:00Z","0.00007115"
"2025-12-05T08:00:00Z","-0.00005168"
"2025-12-05T16:00:00Z","-0.00005583"
"2025-12-06T00:00:00Z","-0.00021265"
"2025-12-06T08:00:00Z","-0.00006912"
"2025-12-06T16:00:00Z","-0.00003091"
"2025-12-07T00:00:00Z","-0.00014976"
"2025-12-07T08:00:00Z","-0.00000239"
"2025-12-07T16:00:00Z","-0.00022278"
"2025-12-08T00:00:00Z","-0.00012325"
"2025-12-08T08:00:00Z","0.00003820"
"2025-12-08T16:00:00Z","0.00010000"
"2025-12-09T00:00:00Z","0.00010000"
"2025-12-09T08:00:00Z","-0.00003671"
"2025-12-09T16:00:00Z","0.00010000"
"2025-12-10T00:00:00Z","0.00010000"
"2025-12-10T08:00:00Z","0.00004129"
"2025-12-10T16:00:00Z","-0.00012848"
"2025-12-11T00:00:00Z","-0.00008813"
"2025-12-11T08:00:00Z","-0.00067256"
"2025-12-11T16:00:00Z","-0.00023771"
"2025-12-12T00:00:00Z","-0.00069428"
"2025-12-12T08:00:00Z","-0.00030625"
"2025-12-12T16:00:00Z","-0.00011309"
"2025-12-13T00:00:00Z","-0.00054989"
"2025-12-13T08:00:00Z","-0.00011262"
"2025-12-13T16:00:00Z","-0.00029276"
"2025-12-14T00:00:00Z","-0.00016928"
"2025-12-14T08:00:00Z","-0.00020804"
"2025-12-14T16:00:00Z","-0.00037677"
"2025-12-15T00:00:00Z","-0.00038553"
"2025-12-15T08:00:00Z","-0.00040049"
"2025-12-15T16:00:00Z","-0.00011218"
"2025-12-16T00:00:00Z","-0.00010914"
"2025-12-16T08:00:00Z","-0.00001204"
"2025-12-16T16:00:00Z","0.00002167"
"2025-12-17T00:00:00Z","-0.00017216"
"2025-12-17T08:00:00Z","-0.00013389"
"2025-12-17T16:00:00Z","0.00007461"
"2025-12-18T00:00:00Z","-0.00009399"
"2025-12-18T08:00:00Z","-0.00040662"
"2025-12-18T16:00:00Z","-0.00036575"
"2025-12-19T00:00:00Z","-0.00028745"
"2025-12-19T08:00:00Z","-0.00010445"
"2025-12-19T16:00:00Z","0.00010000"
"2025-12-20T00:00:00Z","0.00009471"
"2025-12-20T08:00:00Z","-0.00004951"
"2025-12-20T16:00:00Z","-0.00001002"
"2025-12-21T00:00:00Z","-0.00025329"
"2025-12-21T08:00:00Z","-0.00006343"
"2025-12-21T16:00:00Z","-0.00017436"
"2025-12-22T00:00:00Z","-0.00041198"
"2025-12-22T08:00:00Z","-0.00000153"
"2025-12-22T16:00:00Z","0.00003947"
"2025-12-23T00:00:00Z","-0.00015901"
"2025-12-23T08:00:00Z","-0.00016522"
"2025-12-23T16:00:00Z","-0.00014759"
"2025-12-24T00:00:00Z","-0.00016865"
"2025-12-24T08:00:00Z","-0.00020253"
"2025-12-24T16:00:00Z","-0.00020139"
"2025-12-25T00:00:00Z","0.00010000"
"2025-12-25T08:00:00Z","0.00010000"
"2025-12-25T16:00:00Z","0.00008945"
"2025-12-26T00:00:00Z","-0.00008240"
"2025-12-26T08:00:00Z","0.00003200"
"2025-12-26T16:00:00Z","0.00003402"
"2025-12-27T00:00:00Z","-0.00001408"
"2025-12-27T08:00:00Z","0.00010000"
"2025-12-27T16:00:00Z","0.00010000"
"2025-12-28T00:00:00Z","0.00006644"
"2025-12-28T08:00:00Z","0.00002970"
"2025-12-28T16:00:00Z","0.00010000"
"2025-12-29T00:00:00Z","-0.00016140"
"2025-12-29T08:00:00Z","-0.00020351"
"2025-12-29T16:00:00Z","-0.00034616"
"2025-12-30T00:00:00Z","-0.00029891"
"2025-12-30T08:00:00Z","-0.00015333"
"2025-12-30T16:00:00Z","0.00007847"
"2025-12-31T00:00:00Z","-0.00038005"
"2025-12-31T08:00:00Z","-0.00014664"
"2025-12-31T16:00:00Z","-0.00001226"
"2026-01-01T00:00:00Z","0.00010000"
"2026-01-01T08:00:00Z","0.00006878"
"2026-01-01T16:00:00Z","0.00003555"
"2026-01-02T00:00:00Z","0.00010000"
"2026-01-02T08:00:00Z","0.00001674"
"2026-01-02T16:00:00Z","-0.00013343"
"2026-01-03T00:00:00Z","-0.00018679"
"2026-01-03T08:00:00Z","0.00010000"
"2026-01-03T16:00:00Z","-0.00015545"
"2026-01-04T00:00:00Z","-0.00031825"
"2026-01-04T08:00:00Z","-0.00041061"
"2026-01-04T16:00:00Z","-0.00018530"
"2026-01-05T00:00:00Z","-0.00017343"
"2026-01-05T08:00:00Z","-0.00026154"
"2026-01-05T16:00:00Z","0.00010000"
"2026-01-06T00:00:00Z","-0.00001653"
"2026-01-06T08:00:00Z","-0.00002289"
"2026-01-06T16:00:00Z","-0.00007002"
"2026-01-07T00:00:00Z","0.00010000"
"2026-01-07T08:00:00Z","0.00010000"
"2026-01-07T16:00:00Z","-0.00012554"
"2026-01-08T00:00:00Z","0.00005788"
"2026-01-08T08:00:00Z","0.00010000"
"2026-01-08T16:00:00Z","0.00009327"
"2026-01-09T00:00:00Z","0.00003350"
"2026-01-09T08:00:00Z","0.00010000"
"2026-01-09T16:00:00Z","-0.00000667"
"2026-01-10T00:00:00Z","0.00009214"
"2026-01-10T08:00:00Z","-0.00004730"
"2026-01-10T16:00:00Z","0.00010000"
"2026-01-11T00:00:00Z","0.00003115"
"2026-01-11T08:00:00Z","0.00006754"
"2026-01-11T16:00:00Z","0.00007932"
"2026-01-12T00:00:00Z","-0.00030013"
"2026-01-12T08:00:00Z","0.00008392"
"2026-01-12T16:00:00Z","-0.00010642"
"2026-01-13T00:00:00Z","-0.00017122"
"2026-01-13T08:00:00Z","0.00010000"
"2026-01-13T16:00:00Z","0.00010000"
"2026-01-14T00:00:00Z","0.00010000"
"2026-01-14T08:00:00Z","0.00010000"
"2026-01-14T16:00:00Z","0.00010000"
"2026-01-15T00:00:00Z","-0.00007323"
"2026-01-15T08:00:00Z","-0.00020225"
"2026-01-15T16:00:00Z","-0.00011071"
"2026-01-16T00:00:00Z","-0.00030945"
"2026-01-16T08:00:00Z","-0.00011692"
"2026-01-16T16:00:00Z","-0.00011601"
"2026-01-17T00:00:00Z","-0.00004685"
"2026-01-17T08:00:00Z","0.00010000"
"2026-01-17T16:00:00Z","0.00010000"
"2026-01-18T00:00:00Z","0.00010000"
"2026-01-18T08:00:00Z","-0.00011510"
"2026-01-18T16:00:00Z","0.00001609"
"2026-01-19T00:00:00Z","-0.00004310"
"2026-01-19T08:00:00Z","-0.00040884"
"2026-01-19T16:00:00Z","-0.00026842"
"2026-01-20T00:00:00Z","-0.00026017"
"2026-01-20T08:00:00Z","0.00010000"
"2026-01-20T16:00:00Z","0.00010000"
"2026-01-21T00:00:00Z","0.00010000"
"2026-01-21T08:00:00Z","0.00005631"
"2026-01-21T16:00:00Z","0.00005248"
"2026-01-22T00:00:00Z","-0.00006003"
"2026-01-22T08:00:00Z","0.00004360"
"2026-01-22T16:00:00Z","-0.00024430"
"2026-01-23T00:00:00Z","-0.00020786"
"2026-01-23T08:00:00Z","0.00005663"
"2026-01-23T16:00:00Z","-0.00018434"
"2026-01-24T00:00:00Z","0.00008572"
"2026-01-24T08:00:00Z","0.00010000"
"2026-01-24T16:00:00Z","0.00000984"
"2026-01-25T00:00:00Z","-0.00020849"
"2026-01-25T08:00:00Z","-0.00024657"
"2026-01-25T16:00:00Z","-0.00015415"
"2026-01-26T00:00:00Z","-0.00004932"
"2026-01-26T08:00:00Z","0.00003951"
"2026-01-26T16:00:00Z","-0.00000653"
"2026-01-27T00:00:00Z","-0.00003188"
"2026-01-27T08:00:00Z","-0.00009207"
"2026-01-27T16:00:00Z","-0.00009800"
"2026-01-28T00:00:00Z","0.00000385"
"2026-01-28T08:00:00Z","-0.00005144"
"2026-01-28T16:00:00Z","-0.00005991"
"2026-01-29T00:00:00Z","-0.00002620"
"2026-01-29T08:00:00Z","-0.00005101"
"2026-01-29T16:00:00Z","-0.00033338"
"2026-01-30T00:00:00Z","-0.00016294"
"2026-01-30T08:00:00Z","-0.00019079"
"2026-01-30T16:00:00Z","-0.00022309"
"2026-01-31T00:00:00Z","-0.00009949"
"2026-01-31T08:00:00Z","-0.00033773"
"2026-01-31T16:00:00Z","-0.00013161"
"2026-02-01T00:00:00Z","-0.00001054"
"2026-02-01T08:00:00Z","-0.00001592"
"2026-02-01T16:00:00Z","-0.00016030"
"2026-02-02T00:00:00Z","-0.00017779"
"2026-02-02T08:00:00Z","-0.00017356"
"2026-02-02T16:00:00Z","-0.00016975"
"2026-02-03T00:00:00Z","0.00005354"
"2026-02-03T08:00:00Z","0.00001760"
"2026-02-03T16:00:00Z","-0.00000681"
"2026-02-04T00:00:00Z","-0.00001219"
"2026-02-04T08:00:00Z","0.00000060"
"2026-02-04T16:00:00Z","0.00005948"
"2026-02-05T00:00:00Z","0.00002908"
"2026-02-05T08:00:00Z","-0.00003102"
"2026-02-05T16:00:00Z","-0.00035311"
"2026-02-06T00:00:00Z","-0.00025783"
"2026-02-06T08:00:00Z","-0.00001326"
"2026-02-06T16:00:00Z","-0.00010018"
"2026-02-07T00:00:00Z","-0.00008272"
"2026-02-07T08:00:00Z","0.00003080"
"2026-02-07T16:00:00Z","0.00010000"
"2026-02-08T00:00:00Z","0.00000492"
"2026-02-08T08:00:00Z","-0.00015183"
"2026-02-08T16:00:00Z","-0.00014678"
"2026-02-09T00:00:00Z","-0.00010964"
"2026-02-09T08:00:00Z","-0.00015909"
"2026-02-09T16:00:00Z","-0.00008100"
"2026-02-10T00:00:00Z","-0.00049384"
"2026-02-10T08:00:00Z","-0.00002885"
"2026-02-10T16:00:00Z","-0.00002984"
"2026-02-11T00:00:00Z","0.00003073"
"2026-02-11T08:00:00Z","-0.00012845"
"2026-02-11T16:00:00Z","-0.00026182"
"2026-02-12T00:00:00Z","0.00001248"
"2026-02-12T08:00:00Z","0.00010000"
"2026-02-12T16:00:00Z","0.00010000"
"2026-02-13T00:00:00Z","0.00006124"
"2026-02-13T08:00:00Z","0.00010000"
"2026-02-13T16:00:00Z","-0.00002030"
"2026-02-14T00:00:00Z","0.00007326"
"2026-02-14T08:00:00Z","0.00009091"
"2026-02-14T16:00:00Z","0.00002342"
"2026-02-15T00:00:00Z","-0.00006869"
"2026-02-15T08:00:00Z","0.00007432"
"2026-02-15T16:00:00Z","-0.00016325"
"2026-02-16T00:00:00Z","0.00006128"
"2026-02-16T08:00:00Z","0.00003249"
"2026-02-16T16:00:00Z","-0.00002550"
"2026-02-17T00:00:00Z","0.00003287"
"2026-02-17T08:00:00Z","-0.00006033"
"2026-02-17T16:00:00Z","-0.00004098"
"2026-02-18T00:00:00Z","0.00000853"
"2026-02-18T08:00:00Z","0.00006812"
"2026-02-18T16:00:00Z","-0.00003244"
"2026-02-19T00:00:00Z","0.00004335"
"2026-02-19T08:00:00Z","-0.00006433"
"2026-02-19T16:00:00Z","-0.00020977"
"2026-02-20T00:00:00Z","-0.00008070"
"2026-02-20T08:00:00Z","-0.00025039"
"2026-02-20T16:00:00Z","0.00010000"
"2026-02-21T00:00:00Z","0.00004169"
"2026-02-21T08:00:00Z","0.00008165"
"2026-02-21T16:00:00Z","-0.00015429"
"2026-02-22T00:00:00Z","0.00003082"
"2026-02-22T08:00:00Z","-0.00035860"
"2026-02-22T16:00:00Z","-0.00044543"
"2026-02-23T00:00:00Z","0.00006214"
"2026-02-23T08:00:00Z","-0.00002826"
"2026-02-23T16:00:00Z","-0.00003419"
"2026-02-24T00:00:00Z","0.00010000"
"2026-02-24T08:00:00Z","-0.00005669"
"2026-02-24T16:00:00Z","-0.00010053"
"2026-02-25T00:00:00Z","-0.00000997"
"2026-02-25T08:00:00Z","-0.00002255"
"2026-02-25T16:00:00Z","0.00010000"
"2026-02-26T00:00:00Z","0.00010000"
"2026-02-26T08:00:00Z","0.00006138"
"2026-02-26T16:00:00Z","0.00005734"
"2026-02-27T00:00:00Z","-0.00001139"
"2026-02-27T08:00:00Z","-0.00003221"
"2026-02-27T16:00:00Z","0.00006482"
"2026-02-28T00:00:00Z","0.00006957"
"2026-02-28T08:00:00Z","0.00010000"
"2026-02-28T16:00:00Z","-0.00009732"
"2026-03-01T00:00:00Z","0.00010000"
"2026-03-01T08:00:00Z","-0.00000296"
"2026-03-01T16:00:00Z","-0.00003576"
"2026-03-02T00:00:00Z","0.00009923"
"2026-03-02T08:00:00Z","0.00010000"
"2026-03-02T16:00:00Z","0.00010000"
"2026-03-03T00:00:00Z","-0.00013544"
"2026-03-03T08:00:00Z","-0.00003231"
"2026-03-03T16:00:00Z","0.00005986"
"2026-03-04T00:00:00Z","0.00009803"
"2026-03-04T08:00:00Z","-0.00001041"
"2026-03-04T16:00:00Z","-0.00017225"
"2026-03-05T00:00:00Z","-0.00001160"
"2026-03-05T08:00:00Z","0.00003161"
"2026-03-05T16:00:00Z","-0.00004147"
"2026-03-06T00:00:00Z","0.00010000"
"2026-03-06T08:00:00Z","0.00010000"
"2026-03-06T16:00:00Z","-0.00016872"
"2026-03-07T00:00:00Z","-0.00007774"
"2026-03-07T08:00:00Z","0.00010000"
"2026-03-07T16:00:00Z","0.00009726"
"2026-03-08T00:00:00Z","-0.00008644"
"2026-03-08T08:00:00Z","0.00002095"
"2026-03-08T16:00:00Z","0.00002225"
"2026-03-09T00:00:00Z","0.00004433"
"2026-03-09T08:00:00Z","0.00010000"
"2026-03-09T16:00:00Z","0.00010000"
"2026-03-10T00:00:00Z","0.00000812"
"2026-03-10T08:00:00Z","-0.00030964"
"2026-03-10T16:00:00Z","-0.00017322"
"2026-03-11T00:00:00Z","-0.00120615"
"2026-03-11T08:00:00Z","-0.00111901"
"2026-03-11T16:00:00Z","0.00000657"
"2026-03-12T00:00:00Z","-0.00017379"
"2026-03-12T08:00:00Z","-0.00009618"
"2026-03-12T16:00:00Z","-0.00037954"
"2026-03-13T00:00:00Z","-0.00018763"
"2026-03-13T08:00:00Z","0.00000380"
"2026-03-13T16:00:00Z","0.00005919"
"2026-03-14T00:00:00Z","-0.00011909"
"2026-03-14T08:00:00Z","-0.00009917"
"2026-03-14T16:00:00Z","0.00005944"
"2026-03-15T00:00:00Z","-0.00013208"
"2026-03-15T08:00:00Z","-0.00007799"
"2026-03-15T16:00:00Z","0.00006406"
"2026-03-16T00:00:00Z","0.00009497"
"2026-03-16T08:00:00Z","0.00010000"
"2026-03-16T16:00:00Z","0.00010000"
"2026-03-17T00:00:00Z","0.00010000"
"2026-03-17T08:00:00Z","0.00010000"
"2026-03-17T16:00:00Z","0.00010000"
"2026-03-18T00:00:00Z","0.00010000"
"2026-03-18T08:00:00Z","-0.00001448"
"2026-03-18T16:00:00Z","-0.00001786"
"2026-03-19T00:00:00Z","0.00010000"
"2026-03-19T08:00:00Z","0.00010000"
"2026-03-19T16:00:00Z","0.00007901"
"2026-03-20T00:00:00Z","-0.00000121"
"2026-03-20T08:00:00Z","0.00009957"
"2026-03-20T16:00:00Z","0.00000839"
"2026-03-21T00:00:00Z","0.00010000"
"2026-03-21T08:00:00Z","-0.00001049"
"2026-03-21T16:00:00Z","0.00007392"
"2026-03-22T00:00:00Z","-0.00028547"
"2026-03-22T08:00:00Z","-0.00039677"
"2026-03-22T16:00:00Z","-0.00001645"
"2026-03-23T00:00:00Z","-0.00021652"
"2026-03-23T08:00:00Z","-0.00007826"
"2026-03-23T16:00:00Z","0.00010000"
"2026-03-24T00:00:00Z","0.00010000"
"2026-03-24T08:00:00Z","0.00010000"
"2026-03-24T16:00:00Z","0.00010000"
"2026-03-25T00:00:00Z","0.00010000"
"2026-03-25T08:00:00Z","0.00010000"
"2026-03-25T16:00:00Z","0.00010000"
"2026-03-26T00:00:00Z","0.00010000"
"2026-03-26T08:00:00Z","-0.00008893"
"2026-03-26T16:00:00Z","0.00010000"
"2026-03-27T00:00:00Z","-0.00000636"
"2026-03-27T08:00:00Z","0.00005748"
"2026-03-27T16:00:00Z","-0.00040602"
"2026-03-28T00:00:00Z","-0.00016115"
"2026-03-28T08:00:00Z","-0.00022600"
"2026-03-28T16:00:00Z","-0.00026803"
"2026-03-29T00:00:00Z","-0.00033561"
"2026-03-29T08:00:00Z","-0.00014865"
"2026-03-29T16:00:00Z","-0.00015204"
"2026-03-30T00:00:00Z","-0.00013456"
"2026-03-30T08:00:00Z","0.00010000"
"2026-03-30T16:00:00Z","0.00010000"
"2026-03-31T00:00:00Z","-0.00001187"
"2026-03-31T08:00:00Z","-0.00004480"
"2026-03-31T16:00:00Z","0.00004897"
"2026-04-01T00:00:00Z","-0.00000507"
"2026-04-01T08:00:00Z","0.00006939"
"2026-04-01T16:00:00Z","0.00010000"
"2026-04-02T00:00:00Z","0.00005370"
"2026-04-02T08:00:00Z","-0.00017954"
"2026-04-02T16:00:00Z","-0.00008147"
"2026-04-03T00:00:00Z","0.00010000"
"2026-04-03T08:00:00Z","0.00010000"
"2026-04-03T16:00:00Z","0.00010000"
"2026-04-04T00:00:00Z","0.00010000"
"2026-04-04T08:00:00Z","0.00005923"
"2026-04-04T16:00:00Z","0.00007050"
"2026-04-05T00:00:00Z","0.00010000"
"2026-04-05T08:00:00Z","-0.00012582"
"2026-04-05T16:00:00Z","-0.00006262"
"2026-04-06T00:00:00Z","0.00002513"
"2026-04-06T08:00:00Z","0.00010000"
"2026-04-06T16:00:00Z","0.00010000"
"2026-04-07T00:00:00Z","-0.00002626"
"2026-04-07T08:00:00Z","0.00002829"
"2026-04-07T16:00:00Z","0.00002405"
"2026-04-08T00:00:00Z","0.00010000"
"2026-04-08T08:00:00Z","-0.00001416"
"2026-04-08T16:00:00Z","0.00002569"
"2026-04-09T00:00:00Z","0.00005745"
"2026-04-09T08:00:00Z","0.00001178"
"2026-04-09T16:00:00Z","0.00010000"
"2026-04-10T00:00:00Z","0.00010000"
"2026-04-10T08:00:00Z","0.00007982"
"2026-04-10T16:00:00Z","0.00010000"
"2026-04-11T00:00:00Z","-0.00007461"
"2026-04-11T08:00:00Z","-0.00002803"
"2026-04-11T16:00:00Z","0.00007312"
"2026-04-12T00:00:00Z","0.00010000"
"2026-04-12T08:00:00Z","-0.00000770"
"2026-04-12T16:00:00Z","0.00009291"
"2026-04-13T00:00:00Z","0.00006372"
"2026-04-13T08:00:00Z","0.00010000"
"2026-04-13T16:00:00Z","0.00003326"
"2026-04-14T00:00:00Z","0.00010000"
"2026-04-14T08:00:00Z","0.00010000"
"2026-04-14T16:00:00Z","0.00010000"
"2026-04-15T00:00:00Z","-0.00009856"
"2026-04-15T08:00:00Z","0.00010000"
"2026-04-15T16:00:00Z","0.00008578"
"2026-04-16T00:00:00Z","0.00002905"
"2026-04-16T08:00:00Z","0.00010000"
"2026-04-16T16:00:00Z","-0.00001026"
"2026-04-17T00:00:00Z","0.00005956"
"2026-04-17T08:00:00Z","0.00010000"
"2026-04-17T16:00:00Z","0.00000306"
"2026-04-18T00:00:00Z","0.00003601"
"2026-04-18T08:00:00Z","0.00008014"
"2026-04-18T16:00:00Z","0.00007449"
"2026-04-19T00:00:00Z","0.00003491"
"2026-04-19T08:00:00Z","0.00007976"
"2026-04-19T16:00:00Z","-0.00006902"
"2026-04-20T00:00:00Z","-0.00011970"
"2026-04-20T08:00:00Z","0.00007335"
"2026-04-20T16:00:00Z","0.00009740"
"2026-04-21T00:00:00Z","0.00004178"
"2026-04-21T08:00:00Z","-0.00001707"
"2026-04-21T16:00:00Z","0.00006689"
"2026-04-22T00:00:00Z","0.00003070"
"2026-04-22T08:00:00Z","0.00010000"
"2026-04-22T16:00:00Z","0.00010000"
"2026-04-23T00:00:00Z","-0.00000096"
"2026-04-23T08:00:00Z","0.00001928"
"2026-04-23T16:00:00Z","0.00010000"
"2026-04-24T00:00:00Z","0.00001436"
"2026-04-24T08:00:00Z","0.00002066"
"2026-04-24T16:00:00Z","0.00010000"
"2026-04-25T00:00:00Z","0.00010000"
"2026-04-25T08:00:00Z","0.00010000"
"2026-04-25T16:00:00Z","-0.00002154"
"2026-04-26T00:00:00Z","0.00002317"
"2026-04-26T08:00:00Z","0.00007799"
"2026-04-26T16:00:00Z","0.00004683"
"2026-04-27T00:00:00Z","0.00006806"
"2026-04-27T08:00:00Z","-0.00005670"
"2026-04-27T16:00:00Z","-0.00002709"
"2026-04-28T00:00:00Z","0.00010000"
"2026-04-28T08:00:00Z","0.00008031"
"2026-04-28T16:00:00Z","-0.00001304"
"2026-04-29T00:00:00Z","0.00010000"
"2026-04-29T08:00:00Z","0.00007565"
"2026-04-29T16:00:00Z","-0.00015087"
"2026-04-30T00:00:00Z","0.00010000"
"2026-04-30T08:00:00Z","0.00006571"
"2026-04-30T16:00:00Z","0.00004225"
"2026-05-01T00:00:00Z","-0.00001178"
"2026-05-01T08:00:00Z","0.00010000"
"2026-05-01T16:00:00Z","0.00006936"
"2026-05-02T00:00:00Z","-0.00008341"
"2026-05-02T08:00:00Z","-0.00000862"
"2026-05-02T16:00:00Z","0.00010000"
"2026-05-03T00:00:00Z","0.00010000"
"2026-05-03T08:00:00Z","-0.00015595"
"2026-05-03T16:00:00Z","0.00010000"
"2026-05-04T00:00:00Z","0.00010000"
"2026-05-04T08:00:00Z","0.00010000"
"2026-05-04T16:00:00Z","0.00010000"
"2026-05-05T00:00:00Z","-0.00006239"
"2026-05-05T08:00:00Z","0.00010000"
"2026-05-05T16:00:00Z","0.00010000"
"2026-05-06T00:00:00Z","0.00010000"
"2026-05-06T08:00:00Z","-0.00004286"
"2026-05-06T16:00:00Z","-0.00019634"
"2026-05-07T00:00:00Z","-0.00015763"
"2026-05-07T08:00:00Z","0.00010000"
"2026-05-07T16:00:00Z","0.00010000"
"2026-05-08T00:00:00Z","0.00001431"
"2026-05-08T08:00:00Z","0.00009815"
"2026-05-08T16:00:00Z","0.00010000"
"2026-05-09T00:00:00Z","0.00005069"
"2026-05-09T08:00:00Z","-0.00003303"
"2026-05-09T16:00:00Z","0.00010000"
"2026-05-10T00:00:00Z","0.00003492"
"2026-05-10T08:00:00Z","0.00010000"
"2026-05-10T16:00:00Z","0.00007967"
"2026-05-11T00:00:00Z","-0.00004550"
"2026-05-11T08:00:00Z","0.00010000"
"2026-05-11T16:00:00Z","0.00010000"
"2026-05-12T00:00:00Z","-0.00001286"
"2026-05-12T08:00:00Z","0.00004020"
"2026-05-12T16:00:00Z","0.00010000"
"2026-05-13T00:00:00Z","0.00010000"
"2026-05-13T08:00:00Z","-0.00009941"
"2026-05-13T16:00:00Z","0.00005164"
"2026-05-14T00:00:00Z","0.00010000"
"2026-05-14T08:00:00Z","0.00010000"
"2026-05-14T16:00:00Z","-0.00022544"
"2026-05-15T00:00:00Z","0.00010000"
"2026-05-15T08:00:00Z","-0.00001317"
"2026-05-15T16:00:00Z","-0.00002631"
"2026-05-16T00:00:00Z","0.00005428"
"2026-05-16T08:00:00Z","-0.00009632"
"2026-05-16T16:00:00Z","-0.00010632"
"2026-05-17T00:00:00Z","0.00002731"
"2026-05-17T08:00:00Z","0.00008804"
"2026-05-17T16:00:00Z","0.00004563"
"2026-05-18T00:00:00Z","-0.00010705"
"2026-05-18T08:00:00Z","0.00010000"
"2026-05-18T16:00:00Z","-0.00020170"
"2026-05-19T00:00:00Z","0.00004690"
"2026-05-19T08:00:00Z","0.00010000"
"2026-05-19T16:00:00Z","0.00010000"
"2026-05-20T00:00:00Z","-0.00012624"
"2026-05-20T08:00:00Z","0.00010000"
"2026-05-20T16:00:00Z","0.00010000"
"2026-05-21T00:00:00Z","0.00000212"
"2026-05-21T08:00:00Z","-0.00001518"
"2026-05-21T16:00:00Z","-0.00010081"
"2026-05-22T00:00:00Z","0.00006714"
"2026-05-22T08:00:00Z","-0.00004660"
"2026-05-22T16:00:00Z","0.00005276"
"2026-05-23T00:00:00Z","0.00001902"
"2026-05-23T08:00:00Z","0.00002831"
"2026-05-23T16:00:00Z","-0.00006606"
"2026-05-24T00:00:00Z","0.00010000"
"2026-05-24T08:00:00Z","-0.00009864"
"2026-05-24T16:00:00Z","-0.00009488"
"2026-05-25T00:00:00Z","-0.00002516"
"2026-05-25T08:00:00Z","0.00010000"
"2026-05-25T16:00:00Z","0.00010000"
"2026-05-26T00:00:00Z","-0.00004904"
"2026-05-26T08:00:00Z","0.00010000"
"2026-05-26T16:00:00Z","-0.00011568"
"2026-05-27T00:00:00Z","-0.00015826"
"2026-05-27T08:00:00Z","-0.00010453"
"2026-05-27T16:00:00Z","-0.00025920"
"2026-05-28T00:00:00Z","-0.00007088"
"2026-05-28T08:00:00Z","-0.00014941"
"2026-05-28T16:00:00Z","-0.00015012"
"2026-05-29T00:00:00Z","0.00010000"
"2026-05-29T08:00:00Z","0.00010000"
"2026-05-29T16:00:00Z","0.00007208"
"2026-05-30T00:00:00Z","-0.00001098"
"2026-05-30T08:00:00Z","0.00005602"
"2026-05-30T16:00:00Z","0.00010000"
"2026-05-31T00:00:00Z","0.00005071"
"2026-05-31T08:00:00Z","0.00005225"
"2026-05-31T16:00:00Z","0.00002282"
"2026-06-01T00:00:00Z","-0.00015406"
"2026-06-01T08:00:00Z","0.00004139"
"2026-06-01T16:00:00Z","-0.00015320"
"2026-06-02T00:00:00Z","0.00010000"
"2026-06-02T08:00:00Z","0.00009005"
"2026-06-02T16:00:00Z","-0.00008057"
"2026-06-03T00:00:00Z","-0.00047377"
"2026-06-03T08:00:00Z","0.00010000"
"2026-06-03T16:00:00Z","0.00010000"
"2026-06-04T00:00:00Z","-0.00011347"
"2026-06-04T08:00:00Z","-0.00042051"
"2026-06-04T16:00:00Z","-0.00052155"
"2026-06-05T00:00:00Z","-0.00007793"
"2026-06-05T08:00:00Z","-0.00047408"
"2026-06-05T16:00:00Z","-0.00014734"
"2026-06-06T00:00:00Z","-0.00039225"
"2026-06-06T08:00:00Z","-0.00032471"
"2026-06-06T16:00:00Z","-0.00001354"
"2026-06-07T00:00:00Z","-0.00028039"
"2026-06-07T08:00:00Z","-0.00025653"
"2026-06-07T16:00:00Z","0.00002316"
"2026-06-08T00:00:00Z","0.00010000"
"2026-06-08T08:00:00Z","-0.00000203"
"2026-06-08T16:00:00Z","0.00009906"
"2026-06-09T00:00:00Z","-0.00005717"
"2026-06-09T08:00:00Z","-0.00003439"
"2026-06-09T16:00:00Z","0.00001477"
"2026-06-10T00:00:00Z","0.00004750"
"2026-06-10T08:00:00Z","0.00001014"
"2026-06-10T16:00:00Z","-0.00014966"
"2026-06-11T00:00:00Z","-0.00036790"
"2026-06-11T08:00:00Z","0.00004028"
"2026-06-11T16:00:00Z","0.00010000"
"2026-06-12T00:00:00Z","-0.00001938"
"2026-06-12T08:00:00Z","0.00003434"
"2026-06-12T16:00:00Z","0.00001581"
"2026-06-13T00:00:00Z","-0.00002350"
"2026-06-13T08:00:00Z","0.00010000"
"2026-06-13T16:00:00Z","0.00004515"
"2026-06-14T00:00:00Z","-0.00004488"
"2026-06-14T08:00:00Z","-0.00013413"
"2026-06-14T16:00:00Z","-0.00011927"
"2026-06-15T00:00:00Z","0.00006995"
"2026-06-15T08:00:00Z","0.00010000"
"2026-06-15T16:00:00Z","0.00010000"
"2026-06-16T00:00:00Z","0.00008390"
"2026-06-16T08:00:00Z","0.00001631"
"2026-06-16T16:00:00Z","0.00001767"
"2026-06-17T00:00:00Z","-0.00002744"
"2026-06-17T08:00:00Z","0.00010000"
"2026-06-17T16:00:00Z","0.00010000"
"2026-06-18T00:00:00Z","-0.00002436"
"2026-06-18T08:00:00Z","-0.00010056"
"2026-06-18T16:00:00Z","0.00001104"
"2026-06-19T00:00:00Z","0.00010000"
"2026-06-19T08:00:00Z","0.00005035"
"2026-06-19T16:00:00Z","0.00010000"
"2026-06-20T00:00:00Z","0.00001221"
"2026-06-20T08:00:00Z","0.00001387"
"2026-06-20T16:00:00Z","-0.00002801"
"2026-06-21T00:00:00Z","-0.00008212"
"2026-06-21T08:00:00Z","0.00007650"
"2026-06-21T16:00:00Z","0.00003864"
"2026-06-22T00:00:00Z","-0.00008645"
"2026-06-22T08:00:00Z","0.00010000"
"2026-06-22T16:00:00Z","0.00007672"
"2026-06-23T00:00:00Z","-0.00010015"
"2026-06-23T08:00:00Z","-0.00001661"
"2026-06-23T16:00:00Z","-0.00002198"
"2026-06-24T00:00:00Z","0.00010000"
"2026-06-24T08:00:00Z","0.00010000"
"2026-06-24T16:00:00Z","-0.00006998"
"2026-06-25T00:00:00Z","0.00004380"
"2026-06-25T08:00:00Z","0.00010000"
"2026-06-25T16:00:00Z","-0.00005663"
"2026-06-26T00:00:00Z","0.00005900"
"2026-06-26T08:00:00Z","0.00010000"
"2026-06-26T16:00:00Z","-0.00001370"
"2026-06-27T00:00:00Z","0.00008928"
"2026-06-27T08:00:00Z","0.00006402"
"2026-06-27T16:00:00Z","0.00001631"
"2026-06-28T00:00:00Z","0.00005201"
"2026-06-28T08:00:00Z","0.00002372"
"2026-06-28T16:00:00Z","-0.00003749"
"2026-06-29T00:00:00Z","0.00000098"
"2026-06-29T08:00:00Z","0.00005887"
"2026-06-29T16:00:00Z","0.00008658"
"2026-06-30T00:00:00Z","0.00002873"
"2026-06-30T08:00:00Z","0.00009089"
"2026-06-30T16:00:00Z","0.00001707"
"2026-07-01T00:00:00Z","0.00010000"
"2026-07-01T08:00:00Z","0.00010000"
"2026-07-01T16:00:00Z","0.00010000"
"2026-07-02T00:00:00Z","0.00010000"
"2026-07-02T08:00:00Z","-0.00005868"
"2026-07-02T16:00:00Z","0.00010000"
"2026-07-03T00:00:00Z","0.00010000"
"2026-07-03T08:00:00Z","0.00010000"
"2026-07-03T16:00:00Z","0.00010000"
"2026-07-04T00:00:00Z","0.00010000"
"2026-07-04T08:00:00Z","0.00006602"
"2026-07-04T16:00:00Z","0.00010000"
"2026-07-05T00:00:00Z","0.00010000"
"2026-07-05T08:00:00Z","0.00010000"
"2026-07-05T16:00:00Z","0.00010000"
"2026-07-06T00:00:00Z","0.00010000"
"2026-07-06T08:00:00Z","0.00002736"
"2026-07-06T16:00:00Z","0.00010000"
"2026-07-07T00:00:00Z","0.00010000"
"2026-07-07T08:00:00Z","0.00010000"
"2026-07-07T16:00:00Z","0.00010000"
"2026-07-08T00:00:00Z","0.00010000"
"2026-07-08T08:00:00Z","-0.00008004"
"2026-07-08T16:00:00Z","-0.00004346"
"2026-07-09T00:00:00Z","0.00001370"
"2026-07-09T08:00:00Z","0.00009694"
"2026-07-09T16:00:00Z","0.00010000"
"2026-07-10T00:00:00Z","0.00010000"
"2026-07-10T08:00:00Z","0.00005423"
"2026-07-10T16:00:00Z","0.00010000"
"2026-07-11T00:00:00Z","0.00007379"
"2026-07-11T08:00:00Z","0.00002122"
"2026-07-11T16:00:00Z","0.00006196"
"2026-07-12T00:00:00Z","-0.00001671"
"2026-07-12T08:00:00Z","-0.00000216"
"2026-07-12T16:00:00Z","0.00004965"
"2026-07-13T00:00:00Z","-0.00000481"
"2026-07-13T08:00:00Z","-0.00001350"
"2026-07-13T16:00:00Z","-0.00003882"
"2026-07-14T00:00:00Z","-0.00007979"
"2026-07-14T08:00:00Z","0.00009362"
"2026-07-14T16:00:00Z","0.00002687"
"2026-07-15T00:00:00Z","0.00010000"
"2026-07-15T08:00:00Z","0.00010000"
"2026-07-15T16:00:00Z","0.00010000"
"2026-07-16T00:00:00Z","0.00010000"
"2026-07-16T08:00:00Z","0.00009844"
"2026-07-16T16:00:00Z","0.00010000"
"2026-07-17T00:00:00Z","0.00006945"
"2026-07-17T08:00:00Z","-0.00001093"
"2026-07-17T16:00:00Z","0.00010000"
"2026-07-18T00:00:00Z","0.00010000"
"2026-07-18T08:00:00Z","-0.00000606"
"2026-07-18T16:00:00Z","-0.00006905"
"2026-07-19T00:00:00Z","-0.00005975"
"2026-07-19T08:00:00Z","-0.00007586"
"2026-07-19T16:00:00Z","-0.00025917"
"2026-07-20T00:00:00Z","-0.00014070"
"2026-07-20T08:00:00Z","-0.00009401"
"2026-07-20T16:00:00Z","-0.00007741"
"2026-07-21T00:00:00Z","0.00010000"
"2026-07-21T08:00:00Z","0.00010000"
"2026-07-21T16:00:00Z","0.00010000"
"2026-07-22T00:00:00Z","0.00010000"
"2026-07-22T08:00:00Z","0.00010000"
"2026-07-22T16:00:00Z","0.00010000"
"2026-07-23T00:00:00Z","0.00010000"
"2026-07-23T08:00:00Z","-0.00007385"
"2026-07-23T16:00:00Z","-0.00011899"
"2026-07-24T00:00:00Z","-0.00007567"
"2026-07-24T08:00:00Z","0.00000750"
"2026-07-24T16:00:00Z","-0.00002915"
"2026-07-25T00:00:00Z","-0.00003556"
"2026-07-25T08:00:00Z","-0.00002817"
"2026-07-25T16:00:00Z","0.00002646"
"2026-07-26T00:00:00Z","0.00002278"
"2026-07-26T08:00:00Z","0.00010000"
"2026-07-26T16:00:00Z","0.00009904"
"2026-07-27T00:00:00Z","0.00002245"
"2026-07-27T08:00:00Z","0.00007295"
"2026-07-27T16:00:00Z","0.00003273"
"2026-07-28T00:00:00Z","-0.00017061"
"2026-07-28T08:00:00Z","-0.00012104"
"2026-07-28T16:00:00Z","-0.00006548"
"2026-07-29T00:00:00Z","-0.00000799"
"2026-07-29T08:00:00Z","-0.00007416"
"2026-07-29T16:00:00Z","-0.00007768"
"2026-07-30T00:00:00Z","-0.00014166"
"2026-07-30T08:00:00Z","0.00004417"
"2026-07-30T16:00:00Z","0.00008476"
"2026-07-31T00:00:00Z","0.00010000"
"2026-07-31T08:00:00Z","0.00010000"
"2026-07-31T16:00:00Z","0.00010000"
"2026-08-01T00:00:00Z","0.00010000"
"2026-08-01T08:00:00Z","0.00010000"
"2026-08-01T16:00:00Z","0.00007751"
"2026-08-02T00:00:00Z","0.00001169"
"2026-08-02T08:00:00Z","0.00010000"
"2026-08-02T16:00:00Z","0.00010000"
"2026-08-03T00:00:00Z","0.00010000"
"2026-08-03T08:00:00Z","0.00010000"
"2026-08-03T16:00:00Z","0.00010000"
"2026-08-04T00:00:00Z","0.00010000"
"2026-08-04T08:00:00Z","0.00008045"
"2026-08-04T16:00:00Z","0.00007241"
"2026-08-05T00:00:00Z","0.00009335"
"2026-08-05T08:00:00Z","0.00010000"
"2026-08-05T16:00:00Z","0.00007093"
"2026-08-06T00:00:00Z","0.00009635"
"2026-08-06T08:00:00Z","0.00006298"
"2026-08-06T16:00:00Z","-0.00003581"
"2026-08-07T00:00:00Z","0.00005763"
"2026-08-07T08:00:00Z","0.00004614"
"2026-08-07T16:00:00Z","-0.00002859"
"2026-08-08T00:00:00Z","-0.00014498"
"2026-08-08T08:00:00Z","0.00010000"
"2026-08-08T16:00:00Z","0.00010000"
"2026-08-09T00:00:00Z","0.00010000"
"2026-08-09T08:00:00Z","0.00010000"
"2026-08-09T16:00:00Z","0.00010000"
"2026-08-10T00:00:00Z","0.00010000"
"2026-08-10T08:00:00Z","0.00010000"
"2026-08-10T16:00:00Z","0.00003768"
"2026-08-11T00:00:00Z","0.00010000"
"2026-08-11T08:00:00Z","0.00006846"
"2026-08-11T16:00:00Z","0.00004263"
"2026-08-12T00:00:00Z","0.00010000"
"2026-08-12T08:00:00Z","0.00010000"
"2026-08-12T16:00:00Z","0.00003089"
"2026-08-13T00:00:00Z","-0.00024853"
"2026-08-13T08:00:00Z","-0.00005402"
"2026-08-13T16:00:00Z","-0.00004137"
"2026-08-14T00:00:00Z","0.00003126"
"2026-08-14T08:00:00Z","-0.00009351"
"2026-08-14T16:00:00Z","0.00000109"
"2026-08-15T00:00:00Z","0.00010000"
"2026-08-15T08:00:00Z","0.00010000"
"2026-08-15T16:00:00Z","0.00010000"
"2026-08-16T00:00:00Z","-0.00003461"
"2026-08-16T08:00:00Z","0.00002910"
"2026-08-16T16:00:00Z","0.00000478"
"2026-08-17T00:00:00Z","-0.00007403"
"2026-08-17T08:00:00Z","-0.00001162"
"2026-08-17T16:00:00Z","-0.00003002"
"2026-08-18T00:00:00Z","0.00004528"
"2026-08-18T08:00:00Z","-0.00032449"
"2026-08-18T16:00:00Z","-0.00004601"
"2026-08-19T00:00:00Z","0.00002876"
"2026-08-19T08:00:00Z","0.00009498"
"2026-08-19T16:00:00Z","0.00009556"
"2026-08-20T00:00:00Z","0.00010000"
"2026-08-20T08:00:00Z","0.00010000"
"2026-08-20T16:00:00Z","0.00010000"
"2026-08-21T00:00:00Z","0.00010000"
"2026-08-21T08:00:00Z","0.00010000"
"2026-08-21T16:00:00Z","0.00010000"
"2026-08-22T00:00:00Z","0.00010000"
"2026-08-22T08:00:00Z","0.00010000"
"2026-08-22T16:00:00Z","0.00010000"
"2026-08-23T00:00:00Z","0.00010000"
"2026-08-23T08:00:00Z","0.00010000"
"2026-08-23T16:00:00Z","0.00010000"
"2026-08-24T00:00:00Z","0.00010000"
"2026-08-24T08:00:00Z","0.00010000"
"2026-08-24T16:00:00Z","0.00010000"
"2026-08-25T00:00:00Z","0.00010000"
"2026-08-25T08:00:00Z","0.00010000"
"2026-08-25T16:00:00Z","0.00010000"
"2026-08-26T00:00:00Z","0.00004980"
"2026-08-26T08:00:00Z","0.00006198"
"2026-08-26T16:00:00Z","0.00000005"
"2026-08-27T00:00:00Z","-0.00002108"
"2026-08-27T08:00:00Z","0.00005743"
"2026-08-27T16:00:00Z","0.00004008"
"2026-08-28T00:00:00Z","0.00009902"
"2026-08-28T08:00:00Z","-0.00005915"
"2026-08-28T16:00:00Z","0.00002000"
"2026-08-29T00:00:00Z","-0.00003444"
"2026-08-29T08:00:00Z","0.00001406"
"2026-08-29T16:00:00Z","0.00002714"
"2026-08-30T00:00:00Z","0.00001052"
"2026-08-30T08:00:00Z","0.00000147"
"2026-08-30T16:00:00Z","-0.00000839"
"2026-08-31T00:00:00Z","-0.00005887"
"2026-08-31T08:00:00Z","-0.00003709"
"2026-08-31T16:00:00Z","-0.00000488"
"2026-09-01T00:00:00Z","0.00005760"
"2026-09-01T08:00:00Z","0.00005074"
"2026-09-01T16:00:00Z","0.00010000"
"2026-09-02T00:00:00Z","0.00010000"
"2026-09-02T08:00:00Z","0.00010000"
"2026-09-02T16:00:00Z","0.00010000"
"2026-09-03T00:00:00Z","0.00010000"
"2026-09-03T08:00:00Z","0.00010000"
"2026-09-03T16:00:00Z","0.00010000"
"2026-09-04T00:00:00Z","0.00010000"
"2026-09-04T08:00:00Z","0.00010000"
"2026-09-04T16:00:00Z","0.00002359"
"2026-09-05T00:00:00Z","0.00008476"
"2026-09-05T08:00:00Z","0.00010000"
"2026-09-05T16:00:00Z","0.00010000"
"2026-09-06T00:00:00Z","0.00010000"
"2026-09-06T08:00:00Z","0.00010000"
"2026-09-06T16:00:00Z","0.00010000"
"2026-09-07T00:00:00Z","0.00003912"
"2026-09-07T08:00:00Z","0.00010000"
"2026-09-07T16:00:00Z","0.00010000"
"2026-09-08T00:00:00Z","0.00005893"
"2026-09-08T08:00:00Z","0.00010000"
"2026-09-08T16:00:00Z","0.00010000"
"2026-09-09T00:00:00Z","0.00006996"
"2026-09-09T08:00:00Z","0.00008397"
"2026-09-09T16:00:00Z","0.00008709"
"2026-09-10T00:00:00Z","0.00006139"
"2026-09-10T08:00:00Z","0.00003305"
"2026-09-10T16:00:00Z","0.00003743"
"2026-09-11T00:00:00Z","0.00004826"
"2026-09-11T08:00:00Z","0.00003319"
"2026-09-11T16:00:00Z","-0.00001472"
"2026-09-12T00:00:00Z","-0.00000464"
"2026-09-12T08:00:00Z","0.00006301"
"2026-09-12T16:00:00Z","0.00010000"
"2026-09-13T00:00:00Z","0.00002987"
"2026-09-13T08:00:00Z","0.00008447"
"2026-09-13T16:00:00Z","0.00010000"
"2026-09-14T00:00:00Z","0.00010000"
"2026-09-14T08:00:00Z","0.00009976"
"2026-09-14T16:00:00Z","0.00001915"
"2026-09-15T00:00:00Z","-0.00001250"
"2026-09-15T08:00:00Z","0.00004919"
"2026-09-15T16:00:00Z","0.00005660"
"2026-09-16T00:00:00Z","-0.00007879"
"2026-09-16T08:00:00Z","-0.00004180"
"2026-09-16T16:00:00Z","-0.00001086"
"2026-09-17T00:00:00Z","-0.00002316"
"2026-09-17T08:00:00Z","0.00001072"
"2026-09-17T16:00:00Z","0.00004132"
"2026-09-18T00:00:00Z","0.00002404"
"2026-09-18T08:00:00Z","0.00009782"
"2026-09-18T16:00:00Z","0.00010000"
"2026-09-19T00:00:00Z","0.00010000"
"2026-09-19T08:00:00Z","0.00010000"
"2026-09-19T16:00:00Z","0.00010000"
"2026-09-20T00:00:00Z","0.00010000"
"2026-09-20T08:00:00Z","0.00010000"
"2026-09-20T16:00:00Z","0.00010000"
"2026-09-21T00:00:00Z","0.00010000"
"2026-09-21T08:00:00Z","0.00000718"
"2026-09-21T16:00:00Z","-0.00003070"
"2026-09-22T00:00:00Z","0.00003506"
"2026-09-22T08:00:00Z","0.00010000"
"2026-09-22T16:00:00Z","0.00010000"
"2026-09-23T00:00:00Z","0.00010000"
"2026-09-23T08:00:00Z","0.00010000"
"2026-09-23T16:00:00Z","0.00010000"
"2026-09-24T00:00:00Z","-0.00004255"
"2026-09-24T08:00:00Z","0.00010000"
"2026-09-24T16:00:00Z","0.00010000"
"2026-09-25T00:00:00Z","0.00010000"
"2026-09-25T08:00:00Z","0.00010000"
"2026-09-25T16:00:00Z","0.00010000"
"2026-09-26T00:00:00Z","0.00010000"
