date,open,high,low,close,adjclose,volume
"2024-09-19",8.044915199279785,8.448426246643066,8.044915199279785,8.337990760803223,8.337990760803223,6070884
"2024-09-20",8.337990760803223,8.516983985900879,8.078763008117676,8.238953590393066,8.238953590393066,6125453
"2024-09-21",8.238953590393066,8.377999305725098,8.14042854309082,8.371294021606445,8.371294021606445,4175810
"2024-09-22",8.371294021606445,8.398639678955078,7.889191150665283,8.065534591674805,8.065534591674805,4537257
"2024-09-23",8.065534591674805,8.362546920776367,7.949453830718994,8.2289457321167,8.2289457321167,4899343
"2024-09-24",8.2289457321167,8.486968994140625,8.086358070373535,8.453967094421387,8.453967094421387,5484367
"2024-09-25",8.453967094421387,8.647581100463867,8.222722053527832,8.251862525939941,8.251862525939941,5060909
"2024-09-26",8.251862525939941,8.659329414367676,8.159292221069336,8.600011825561523,8.600011825561523,5636270
"2024-09-27",8.600011825561523,8.825133323669434,8.552642822265625,8.774828910827637,8.774828910827637,5934117
"2024-09-28",8.774828910827637,8.850446701049805,8.444625854492188,8.570822715759277,8.570822715759277,4495221
"2024-09-29",8.570822715759277,8.61845874786377,8.275713920593262,8.499052047729492,8.499052047729492,4083952
"2024-09-30",8.499052047729492,8.529374122619629,8.007820129394531,8.063801765441895,8.063801765441895,5270238
"2024-10-01",8.063801765441895,8.23837661743164,7.344715118408203,7.580879211425781,7.580879211425781,7389111
"2024-10-02",7.580879211425781,7.7896318435668945,7.176692962646484,7.331153869628906,7.331153869628906,5577234
"2024-10-03",7.331153869628906,7.477663993835449,7.0662360191345215,7.337256908416748,7.337256908416748,5161747
"2024-10-04",7.337256908416748,7.5644989013671875,7.278773784637451,7.536652088165283,7.536652088165283,3384479
"2024-10-05",7.536652088165283,7.660222053527832,7.400370121002197,7.518158912658691,7.518158912658691,2973802
"2024-10-06",7.518158912658691,8.035606384277344,7.490273952484131,7.9980669021606445,7.9980669021606445,4474156
"2024-10-07",7.9980669021606445,8.26097297668457,7.8274922370910645,7.8282060623168945,7.8282060623168945,5397834
"2024-10-08",7.8282060623168945,8.014742851257324,7.730599880218506,7.8213582038879395,7.8213582038879395,4205256
"2024-10-09",7.8213582038879395,7.924256801605225,7.654198169708252,7.7644782066345215,7.7644782066345215,4160236
"2024-10-10",7.7644782066345215,8.038875579833984,7.6840691566467285,8.038875579833984,8.038875579833984,4036167
"2024-10-11",8.038875579833984,8.505248069763184,7.9817681312561035,8.312727928161621,8.312727928161621,7599182
"2024-10-12",8.312727928161621,8.422353744506836,8.079587936401367,8.141312599182129,8.141312599182129,4721906
"2024-10-13",8.141312599182129,8.320954322814941,7.989871978759766,8.125901222229004,8.125901222229004,4211573
"2024-10-14",8.125901222229004,8.418989181518555,8.03542423248291,8.358257293701172,8.358257293701172,5670195
"2024-10-15",8.360132217407227,8.492280006408691,8.095823287963867,8.273653030395508,8.273653030395508,5455885
"2024-10-16",8.273653030395508,8.586385726928711,8.14797306060791,8.148924827575684,8.148924827575684,5801598
"2024-10-17",8.148924827575684,8.247403144836426,7.853384971618652,8.028340339660645,8.028340339660645,5993085
"2024-10-18",8.028340339660645,8.164491653442383,7.9613728523254395,8.130586624145508,8.130586624145508,4381742
"2024-10-19",8.130586624145508,8.16606616973877,7.90639591217041,8.122570037841797,8.122570037841797,3522135
"2024-10-20",8.122570037841797,8.390292167663574,7.932860851287842,8.386896133422852,8.386896133422852,4201754
"2024-10-21",8.386992454528809,8.405080795288086,7.919966220855713,7.976933002471924,7.976933002471924,5918851
"2024-10-22",7.976933002471924,8.05156421661377,7.720444202423096,7.91728401184082,7.91728401184082,5103174
"2024-10-23",7.91728401184082,7.927948951721191,7.482812881469727,7.6544718742370605,7.6544718742370605,4629688
"2024-10-24",7.696413040161133,7.820259094238281,7.6163740158081055,7.789034843444824,7.789034843444824,3463617
"2024-10-25",7.789034843444824,7.826543807983398,7.216465950012207,7.318393230438232,7.318393230438232,7933634
"2024-10-26",7.318393230438232,7.4011149406433105,7.103758811950684,7.307551860809326,7.307551860809326,4692566
"2024-10-27",7.307551860809326,7.49595308303833,7.261792182922363,7.471011161804199,7.471011161804199,2748342
"2024-10-28",7.471007823944092,7.742297172546387,7.3459858894348145,7.654480934143066,7.654480934143066,6108140
"2024-10-29",7.654480934143066,7.868478775024414,7.596316814422607,7.833625793457031,7.833625793457031,5405327
"2024-10-30",7.833625793457031,7.8657097816467285,7.598951816558838,7.611131191253662,7.611131191253662,4250694
"2024-10-31",7.611130237579346,7.636542797088623,7.254414081573486,7.372037887573242,7.372037887573242,5079659
"2024-11-01",7.372037887573242,7.516059875488281,7.230313777923584,7.315643787384033,7.315643787384033,5862541
"2024-11-02",7.315643787384033,7.514060974121094,7.292792797088623,7.418632984161377,7.418632984161377,4427703
"2024-11-03",7.418632984161377,7.439712047576904,6.971099853515625,7.209146022796631,7.209146022796631,7593453
"2024-11-04",7.209146022796631,7.287567138671875,6.912367820739746,6.98748779296875,6.98748779296875,4844879
"2024-11-05",6.987360954284668,7.280675888061523,6.906922817230225,7.144108772277832,7.144108772277832,7078914
"2024-11-06",7.144108772277832,7.857338905334473,7.143184185028076,7.823791980743408,7.823791980743408,17458078
"2024-11-07",7.823791980743408,8.03321647644043,7.783695220947266,7.980608940124512,7.980608940124512,8918861
"2024-11-08",7.980608940124512,8.044858932495117,7.780311107635498,7.962552070617676,7.962552070617676,8072095
"2024-11-09",7.962552070617676,8.23048210144043,7.8675971031188965,8.212190628051758,8.212190628051758,5124697
"2024-11-10",8.212190628051758,10.35664176940918,8.149942398071289,9.394304275512695,9.394304275512695,42113152
"2024-11-11",9.394304275512695,9.727094650268555,8.920740127563477,9.7213773727417,9.7213773727417,17796358
"2024-11-12",9.7213773727417,9.83848762512207,8.726425170898438,9.213579177856445,9.213579177856445,18938275
"2024-11-13",9.213579177856445,9.35204792022705,8.42665958404541,8.915718078613281,8.915718078613281,18205526
"2024-11-14",8.915718078613281,9.225051879882812,8.607053756713867,8.778804779052734,8.778804779052734,13754749
"2024-11-15",8.778804779052734,8.938084602355957,8.400976181030273,8.938084602355957,8.938084602355957,10430318
"2024-11-16",8.926950454711914,9.717671394348145,8.746240615844727,9.592734336853027,9.592734336853027,13898019
"2024-11-17",9.592316627502441,9.69140338897705,8.951333045959473,9.379058837890625,9.379058837890625,15071446
"2024-11-18",9.379058837890625,9.683326721191406,9.12143325805664,9.590471267700195,9.590471267700195,14870232
"2024-11-19",9.590471267700195,9.666654586791992,9.12553596496582,9.413694381713867,9.413694381713867,14173810
"2024-11-20",9.413694381713867,9.415385246276855,8.277284622192383,8.388684272766113,8.388684272766113,15706384
"2024-11-21",8.388691902160645,8.842903137207031,8.079947471618652,8.59450912475586,8.59450912475586,15128383
"2024-11-22",8.59450912475586,8.759112358093262,8.210768699645996,8.72056770324707,8.72056770324707,12585086
"2024-11-23",8.72056770324707,10.942082405090332,8.700077056884766,10.54231071472168,10.54231071472168,50188042
"2024-11-24",10.54231071472168,13.402802467346191,10.536166191101074,11.547686576843262,11.547686576843262,115731763
"2024-11-25",11.547259330749512,12.934796333312988,11.127825736999512,12.0360746383667,12.0360746383667,40521158
"2024-11-26",12.0360746383667,12.595893859863281,11.154902458190918,11.934048652648926,11.934048652648926,25027539
"2024-11-27",11.93313980102539,16.238643646240234,11.82586669921875,16.21574592590332,16.21574592590332,102964059
"2024-11-28",16.22699737548828,16.77499008178711,14.827068328857422,15.021871566772461,15.021871566772461,52901192
"2024-11-29",15.021891593933105,16.22231101989746,14.105566024780273,14.936991691589355,14.936991691589355,47835802
"2024-11-30",14.936991691589355,17.999391555786133,14.823739051818848,16.396228790283203,16.396228790283203,81294888
"2024-12-01",16.396228790283203,17.785402297973633,15.902076721191406,17.778778076171875,17.778778076171875,45785175
"2024-12-02",17.778778076171875,18.776611328125,16.182443618774414,17.5515079498291,17.5515079498291,84920311
"2024-12-03",17.55194854736328,18.34021759033203,15.855734825134277,17.178104400634766,17.178104400634766,72308419
"2024-12-04",17.178104400634766,17.69508934020996,16.109939575195312,16.48356819152832,16.48356819152832,56558224
"2024-12-05",16.48356819152832,17.71705436706543,15.76811695098877,16.715192794799805,16.715192794799805,66266393
"2024-12-06",16.43593978881836,17.65077018737793,16.365270614624023,17.550750732421875,17.550750732421875,46377281
"2024-12-07",17.550750732421875,19.371318817138672,17.400318145751953,17.623756408691406,17.623756408691406,53652054
"2024-12-08",18.012258529663086,18.147029876708984,17.047937393188477,17.48666000366211,17.48666000366211,32165069
"2024-12-09",17.48666000366211,17.48666000366211,12.460083961486816,14.005861282348633,14.005861282348633,71574951
"2024-12-10",14.005861282348633,14.315295219421387,12.248665809631348,13.637621879577637,13.637621879577637,52750607
"2024-12-11",13.637621879577637,15.203920364379883,13.102349281311035,15.012737274169922,15.012737274169922,34841083
"2024-12-12",15.012737274169922,16.281055450439453,14.89360237121582,15.551651954650879,15.551651954650879,32740033
"2024-12-13",15.551651954650879,15.756985664367676,14.84952163696289,15.185388565063477,15.185388565063477,26082717
"2024-12-14",15.185388565063477,15.358949661254883,14.288723945617676,14.712270736694336,14.712270736694336,20833613
"2024-12-15",14.712270736694336,15.324056625366211,14.368931770324707,15.099127769470215,15.099127769470215,20524602
"2024-12-16",15.099127769470215,15.414374351501465,14.15878677368164,14.53205394744873,14.53205394744873,24019538
"2024-12-17",14.53205394744873,15.350931167602539,14.081863403320312,14.533836364746094,14.533836364746094,27296986
"2024-12-18",14.533157348632812,15.53867244720459,13.902759552001953,14.516478538513184,14.516478538513184,49207065
"2024-12-19",14.516478538513184,16.701866149902344,14.360942840576172,15.832494735717773,15.832494735717773,114227370
"2024-12-20",15.832494735717773,27.30230712890625,15.780841827392578,26.244911193847656,26.244911193847656,603343583
"2024-12-21",26.244911193847656,29.764705657958984,24.522096633911133,27.09459114074707,27.09459114074707,427087568
"2024-12-22",27.09459114074707,31.612316131591797,25.571138381958008,29.048337936401367,29.048337936401367,292459373
"2024-12-23",29.053308486938477,34.58534240722656,27.431842803955078,33.79362869262695,33.79362869262695,256851585
"2024-12-24",33.79362869262695,39.27311706542969,32.964664459228516,38.335960388183594,38.335960388183594,305097173
"2024-12-25",38.335960388183594,45.99787139892578,36.653690338134766,38.994850158691406,38.994850158691406,388556970
"2024-12-26",38.994850158691406,41.7458381652832,33.74546813964844,37.52244186401367,37.52244186401367,370248816
"2024-12-27",37.5154914855957,38.47550582885742,29.20354461669922,29.474245071411133,29.474245071411133,212301426
"2024-12-28",29.481889724731445,31.103328704833984,27.37442970275879,30.536426544189453,30.536426544189453,174253767
"2024-12-29",30.536426544189453,34.29322814941406,28.90326690673828,29.630695343017578,29.630695343017578,145907594
"2024-12-30",29.630695343017578,30.004228591918945,26.98960304260254,27.581541061401367,27.581541061401367,92895986
"2024-12-31",27.581541061401367,30.56806182861328,26.603683471679688,28.952611923217773,28.952611923217773,109538851
"2025-01-01",28.956735610961914,30.616527557373047,27.65598487854004,29.20728302001953,29.20728302001953,58380119
"2025-01-02",29.20733642578125,32.260475158691406,29.025543212890625,31.027555465698242,31.027555465698242,86094180
"2025-01-03",31.027555465698242,31.190011978149414,27.153331756591797,29.674915313720703,29.674915313720703,100510956
"2025-01-04",29.672607421875,30.437009811401367,27.959003448486328,28.411502838134766,28.411502838134766,52471815
"2025-01-05",28.411502838134766,29.509628295898438,27.349788665771484,27.68762969970703,27.68762969970703,52866796
"2025-01-06",27.68739891052246,29.280967712402344,27.16928482055664,29.03665542602539,29.03665542602539,63779835
"2025-01-07",29.036605834960938,29.630117416381836,24.030691146850586,24.05319595336914,24.05319595336914,81350101
"2025-01-08",24.05319595336914,24.145130157470703,21.988086700439453,23.191360473632812,23.191360473632812,88020231
"2025-01-09",23.191360473632812,24.322954177856445,22.156585693359375,23.688936233520508,23.688936233520508,60837966
"2025-01-10",23.688663482666016,25.518356323242188,23.3873233795166,24.552635192871094,24.552635192871094,75073995
"2025-01-11",24.552635192871094,24.89545440673828,23.418903350830078,24.08432960510254,24.08432960510254,24720910
"2025-01-12",24.08432960510254,24.084400177001953,22.701156616210938,23.10787582397461,23.10787582397461,20345869
"2025-01-13",23.10875129699707,23.636215209960938,19.120351791381836,20.52424430847168,20.52424430847168,70134451
"2025-01-14",20.52424430847168,24.478351593017578,20.229963302612305,24.366960525512695,24.366960525512695,60228228
"2025-01-15",24.366960525512695,31.98512077331543,23.848888397216797,31.75775909423828,31.75775909423828,246932598
"2025-01-16",31.757923126220703,31.779129028320312,29.319040298461914,30.34750747680664,30.34750747680664,125594209
"2025-01-17",30.34609031677246,31.54969024658203,29.61965560913086,29.778953552246094,29.778953552246094,65862758
"2025-01-18",29.778953552246094,29.781354904174805,23.972177505493164,24.399206161499023,24.399206161499023,93600129
"2025-01-19",24.399206161499023,25.46879005432129,22.331268310546875,22.713211059570312,22.713211059570312,122467017
"2025-01-20",22.71858787536621,24.403261184692383,21.237903594970703,22.295930862426758,22.295930862426758,111997730
"2025-01-21",22.295930862426758,23.283424377441406,20.933427810668945,22.423585891723633,22.423585891723633,49003945
"2025-01-22",22.423486709594727,23.15374755859375,22.02751350402832,22.50333595275879,22.50333595275879,32995705
"2025-01-23",22.503158569335938,23.280160903930664,21.74078941345215,22.97083854675293,22.97083854675293,42131508
"2025-01-24",22.970338821411133,22.986209869384766,20.374814987182617,20.377002716064453,20.377002716064453,29579567
"2025-01-25",20.38052749633789,20.656618118286133,19.837757110595703,19.94689178466797,19.94689178466797,21249385
"2025-01-26",19.94689178466797,20.4438533782959,18.450546264648438,18.52251625061035,18.52251625061035,19210486
"2025-01-27",18.52251625061035,19.139848709106445,17.18479347229004,18.9083194732666,18.9083194732666,44477862
"2025-01-28",18.9083194732666,19.148616790771484,17.247802734375,17.370746612548828,17.370746612548828,26070821
"2025-01-29",17.370746612548828,19.003568649291992,16.889976501464844,18.137380599975586,18.137380599975586,33685513
"2025-01-30",18.138059616088867,20.453699111938477,17.880104064941406,19.370527267456055,19.370527267456055,30324670
"2025-01-31",19.36902618408203,20.532390594482422,18.70953369140625,19.240901947021484,19.240901947021484,31291620
"2025-02-01",19.240510940551758,19.596904754638672,16.895565032958984,17.0253963470459,17.0253963470459,33226344
"2025-02-02",17.0253963470459,17.382080078125,13.430254936218262,14.166778564453125,14.166778564453125,55555320
"2025-02-03",14.16702938079834,14.188655853271484,10.687155723571777,13.726484298706055,13.726484298706055,110554720
"2025-02-04",13.726484298706055,14.040921211242676,12.137275695800781,12.678886413574219,12.678886413574219,42132562
"2025-02-05",12.678886413574219,13.221907615661621,11.851070404052734,12.109604835510254,12.109604835510254,25738311
"2025-02-06",12.109604835510254,12.346610069274902,10.915938377380371,10.98147201538086,10.98147201538086,26439428
"2025-02-07",10.98147201538086,12.389492988586426,10.833563804626465,11.311427116394043,11.311427116394043,27241384
"2025-02-08",11.311427116394043,12.026686668395996,11.232254028320312,11.92010498046875,11.92010498046875,20106781
"2025-02-09",11.92010498046875,12.140740394592285,10.71699047088623,11.290278434753418,11.290278434753418,19025810
"2025-02-10",11.290278434753418,12.027338027954102,10.752896308898926,11.89486312866211,11.89486312866211,24883078
"2025-02-11",11.89486312866211,12.959516525268555,11.790453910827637,11.964529991149902,11.964529991149902,33306042
"2025-02-12",11.964529991149902,13.657086372375488,11.791402816772461,13.652751922607422,13.652751922607422,77578526
"2025-02-13",13.652751922607422,16.43918228149414,13.585450172424316,14.914080619812012,14.914080619812012,108682643
"2025-02-14",14.914080619812012,15.759055137634277,14.26567554473877,14.971485137939453,14.971485137939453,54751864
"2025-02-15",14.971485137939453,15.905134201049805,14.401227951049805,15.681567192077637,15.681567192077637,45799906
"2025-02-16",15.681475639343262,16.84576988220215,14.590392112731934,14.593976020812988,14.593976020812988,50268517
"2025-02-17",14.593976020812988,14.823394775390625,13.881820678710938,14.055908203125,14.055908203125,28632619
"2025-02-18",14.055887222290039,14.207797050476074,12.951556205749512,13.344032287597656,13.344032287597656,28010620
"2025-02-19",13.344032287597656,13.852222442626953,13.134995460510254,13.388711929321289,13.388711929321289,19666396
"2025-02-20",13.390467643737793,13.709186553955078,13.169697761535645,13.602215766906738,13.602215766906738,19103432
"2025-02-21",13.602215766906738,14.140453338623047,12.502630233764648,12.654085159301758,12.654085159301758,29430498
"2025-02-22",12.654085159301758,13.634565353393555,12.536894798278809,13.607854843139648,13.607854843139648,17382519
"2025-02-23",13.607853889465332,13.72915267944336,13.171180725097656,13.4454345703125,13.4454345703125,22369841
"2025-02-24",13.4454345703125,13.559514045715332,11.723934173583984,11.764398574829102,11.764398574829102,29120604
"2025-02-25",11.764760971069336,12.275358200073242,10.900981903076172,12.09627628326416,12.09627628326416,40262433
"2025-02-26",12.09627628326416,13.304362297058105,12.09414005279541,13.122568130493164,13.122568130493164,38113776
"2025-02-27",13.122568130493164,13.481683731079102,12.726852416992188,13.437837600708008,13.437837600708008,26381561
"2025-02-28",13.437837600708008,13.628110885620117,12.014167785644531,13.596073150634766,13.596073150634766,50997635
"2025-03-01",13.597068786621094,13.857990264892578,12.432839393615723,12.566864013671875,12.566864013671875,24993552
"2025-03-02",12.566864013671875,14.573227882385254,12.418371200561523,14.358255386352539,14.358255386352539,37352661
"2025-03-03",14.358255386352539,14.378949165344238,11.27365493774414,11.666801452636719,11.666801452636719,37091106
"2025-03-04",11.66755199432373,11.74318790435791,10.274726867675781,11.081762313842773,11.081762313842773,34492985
"2025-03-05",11.081755638122559,11.648152351379395,10.938705444335938,11.390823364257812,11.390823364257812,24909723
"2025-03-06",11.390823364257812,11.658014297485352,10.839311599731445,10.86372184753418,10.86372184753418,20227597
"2025-03-07",10.86372184753418,11.0973539352417,10.329925537109375,10.411975860595703,10.411975860595703,25855409
"2025-03-08",10.41197681427002,10.624045372009277,10.10285758972168,10.27277660369873,10.27277660369873,14209435
"2025-03-09",10.272777557373047,10.406271934509277,8.992484092712402,9.253596305847168,9.253596305847168,20545092
"2025-03-10",9.253596305847168,9.820467948913574,8.063015937805176,8.11028003692627,8.11028003692627,36533100
"2025-03-11",8.111105918884277,8.987676620483398,7.601175785064697,8.741724967956543,8.741724967956543,31783146
"2025-03-12",8.741724967956543,9.098143577575684,8.466955184936523,9.093093872070312,9.093093872070312,20560718
"2025-03-13",9.093093872070312,9.253803253173828,8.698966979980469,8.931899070739746,8.931899070739746,18435474
"2025-03-14",8.931899070739746,9.567581176757812,8.901912689208984,9.257949829101562,9.257949829101562,17364401
"2025-03-15",9.256523132324219,9.377058029174805,9.030156135559082,9.271821022033691,9.271821022033691,16366690
"2025-03-16",9.271729469299316,9.59582805633545,8.829421043395996,9.234772682189941,9.234772682189941,32772613
"2025-03-17",9.234783172607422,9.74963665008545,9.180463790893555,9.551780700683594,9.551780700683594,27857095
"2025-03-18",9.551780700683594,9.603191375732422,8.72835922241211,9.13003921508789,9.13003921508789,22493657
"2025-03-19",9.13003921508789,9.70516300201416,9.04301929473877,9.696210861206055,9.696210861206055,27552369
"2025-03-20",9.696210861206055,9.79349422454834,9.024103164672852,9.140052795410156,9.140052795410156,23010887
"2025-03-21",9.140066146850586,9.231189727783203,8.816802978515625,8.876077651977539,8.876077651977539,18316128
"2025-03-22",8.876077651977539,9.081500053405762,8.773646354675293,8.808694839477539,8.808694839477539,15658696
"2025-03-23",8.808694839477539,8.99983024597168,8.658609390258789,8.950122833251953,8.950122833251953,18863525
"2025-03-24",8.950122833251953,9.74158763885498,8.820923805236816,9.656561851501465,9.656561851501465,26303218
"2025-03-25",9.656561851501465,10.118073463439941,9.485196113586426,10.117679595947266,10.117679595947266,24438447
"2025-03-26",10.117679595947266,10.467945098876953,9.823440551757812,10.052665710449219,10.052665710449219,22893680
"2025-03-27",10.052665710449219,10.779524803161621,9.956074714660645,9.981966972351074,9.981966972351074,22356960
"2025-03-28",9.981966972351074,10.085456848144531,9.001969337463379,9.220198631286621,9.220198631286621,22564016
"2025-03-29",9.220198631286621,9.490824699401855,8.891164779663086,9.066917419433594,9.066917419433594,21921877
"2025-03-30",9.066725730895996,9.334267616271973,8.783621788024902,8.879122734069824,8.879122734069824,16368911
"2025-03-31",8.879122734069824,9.026880264282227,8.50343132019043,8.787731170654297,8.787731170654297,21734556
"2025-04-01",8.787731170654297,9.331809997558594,8.767976760864258,8.97010326385498,8.97010326385498,17364038
"2025-04-02",8.97010326385498,9.086106300354004,8.049529075622559,8.084339141845703,8.084339141845703,27807942
"2025-04-03",8.084339141845703,8.402937889099121,7.791964054107666,8.243773460388184,8.243773460388184,19612920
"2025-04-04",8.242863655090332,8.452923774719238,8.061088562011719,8.367119789123535,8.367119789123535,18677537
"2025-04-05",8.367119789123535,8.424033164978027,7.9589152336120605,8.138970375061035,8.138970375061035,14266519
"2025-04-06",8.138867378234863,8.139118194580078,7.058150768280029,7.199571132659912,7.199571132659912,21206124
"2025-04-07",7.199571132659912,7.721494197845459,6.496535778045654,7.517380237579346,7.517380237579346,43828230
"2025-04-08",7.517380237579346,7.742094039916992,7.150325775146484,7.203951835632324,7.203951835632324,23031380
"2025-04-09",7.203951835632324,8.167637825012207,6.890453815460205,8.033592224121094,8.033592224121094,26919774
"2025-04-10",8.034034729003906,8.07873821258545,7.5565690994262695,7.7930731773376465,7.7930731773376465,15402754
"2025-04-11",7.7930731773376465,8.58898639678955,7.782958984375,8.417684555053711,8.417684555053711,18302395
"2025-04-12",8.417684555053711,8.830249786376953,8.302048683166504,8.75422191619873,8.75422191619873,14169891
"2025-04-13",8.75422191619873,8.811895370483398,8.000197410583496,8.134689331054688,8.134689331054688,14593826
"2025-04-14",8.134689331054688,8.510528564453125,8.088290214538574,8.224533081054688,8.224533081054688,13907784
"2025-04-15",8.224533081054688,8.476613998413086,8.014763832092285,8.038369178771973,8.038369178771973,52487790
"2025-04-16",8.038369178771973,8.349113464355469,7.854156017303467,8.115878105163574,8.115878105163574,31212474
"2025-04-17",8.115878105163574,8.398713111877441,8.07030200958252,8.28148365020752,8.28148365020752,26814961
"2025-04-18",8.28148365020752,8.700613021850586,8.241880416870117,8.606372833251953,8.606372833251953,20181985
"2025-04-19",8.606372833251953,8.867050170898438,8.590373039245605,8.791058540344238,8.791058540344238,24968992
"2025-04-20",8.79131031036377,8.978169441223145,8.606274604797363,8.748740196228027,8.748740196228027,12373500
"2025-04-21",8.748740196228027,9.09406852722168,8.565057754516602,8.65227222442627,8.65227222442627,14801331
"2025-04-22",8.65220832824707,9.391409873962402,8.485343933105469,9.343269348144531,9.343269348144531,19971105
"2025-04-23",9.343269348144531,9.993341445922852,9.30949592590332,9.683028221130371,9.683028221130371,20865962
"2025-04-24",9.683028221130371,9.711073875427246,9.173280715942383,9.636605262756348,9.636605262756348,14519647
"2025-04-25",9.636605262756348,9.880574226379395,9.432221412658691,9.668951034545898,9.668951034545898,12888595
"2025-04-26",9.669032096862793,10.025665283203125,9.485905647277832,9.676188468933105,9.676188468933105,9099939
"2025-04-27",9.676188468933105,9.73445987701416,9.100057601928711,9.128933906555176,9.128933906555176,9321680
"2025-04-28",9.129201889038086,9.80563735961914,8.893994331359863,9.418906211853027,9.418906211853027,20056703
"2025-04-29",9.418906211853027,9.533220291137695,8.822945594787598,8.94964599609375,8.94964599609375,11004036
"2025-04-30",8.949644088745117,9.046919822692871,8.514752388000488,8.959020614624023,8.959020614624023,16149016
"2025-05-01",8.959227561950684,9.16895866394043,8.782519340515137,8.936627388000488,8.936627388000488,11310894
"2025-05-02",8.936934471130371,9.1926908493042,8.916866302490234,9.054183959960938,9.054183959960938,13461051
"2025-05-03",9.054183959960938,9.081648826599121,8.436841011047363,8.507155418395996,8.507155418395996,10216758
"2025-05-04",8.507155418395996,8.5613431930542,8.27297592163086,8.38045597076416,8.38045597076416,9185008
"2025-05-05",8.38045597076416,8.46219253540039,8.199029922485352,8.29285717010498,8.29285717010498,10701820
"2025-05-06",8.29285717010498,8.37822437286377,7.875552177429199,8.265888214111328,8.265888214111328,11985608
"2025-05-07",8.265888214111328,8.415966033935547,8.106943130493164,8.339181900024414,8.339181900024414,11421704
"2025-05-08",8.339181900024414,9.540304183959961,8.303770065307617,9.452508926391602,9.452508926391602,16687427
"2025-05-09",9.452508926391602,10.423382759094238,9.408026695251465,9.94687557220459,9.94687557220459,23335475
"2025-05-10",9.946784973144531,10.861990928649902,9.902692794799805,10.791389465332031,10.791389465332031,21138109
"2025-05-11",10.791389465332031,11.313044548034668,10.105071067810059,10.493268966674805,10.493268966674805,27919931
"2025-05-12",10.493374824523926,11.141075134277344,9.8472261428833,10.304349899291992,10.304349899291992,25983401
"2025-05-13",10.304349899291992,10.866853713989258,9.542222023010254,10.644328117370605,10.644328117370605,19979184
"2025-05-14",10.644328117370605,11.223723411560059,10.163970947265625,10.2866792678833,10.2866792678833,22125099
"2025-05-15",10.2866792678833,10.395261764526367,9.360026359558105,9.581836700439453,9.581836700439453,18638622
"2025-05-16",9.581859588623047,9.864645004272461,9.098050117492676,9.170550346374512,9.170550346374512,12452511
"2025-05-17",9.170550346374512,9.215408325195312,8.889086723327637,8.99424934387207,8.99424934387207,13157570
"2025-05-18",8.99424934387207,9.616985321044922,8.88379955291748,9.493474960327148,9.493474960327148,14517473
"2025-05-19",9.493474960327148,9.540639877319336,8.666399002075195,9.156425476074219,9.156425476074219,14429860
"2025-05-20",9.156425476074219,9.347869873046875,8.863990783691406,9.158368110656738,9.158368110656738,12329315
"2025-05-21",9.158368110656738,10.059627532958984,9.064417839050293,9.825658798217773,9.825658798217773,27430571
"2025-05-22",9.825658798217773,10.568516731262207,9.781657218933105,10.462326049804688,10.462326049804688,19442441
"2025-05-23",10.462326049804688,10.867164611816406,9.359522819519043,9.367879867553711,9.367879867553711,25322510
"2025-05-24",9.367879867553711,9.773594856262207,9.309375762939453,9.443448066711426,9.443448066711426,10791311
"2025-05-25",9.443448066711426,9.60244083404541,8.978384971618652,9.592283248901367,9.592283248901367,11573418
"2025-05-26",9.592283248901367,9.779037475585938,9.299238204956055,9.442699432373047,9.442699432373047,10357204
"2025-05-27",9.442699432373047,9.76579761505127,9.143486022949219,9.494341850280762,9.494341850280762,11740581
"2025-05-28",9.494341850280762,9.659564971923828,9.162331581115723,9.45125961303711,9.45125961303711,12565550
"2025-05-29",9.45475959777832,9.85306453704834,9.084176063537598,9.103180885314941,9.103180885314941,14339370
"2025-05-30",9.103134155273438,11.88200569152832,8.56715202331543,8.56715202331543,8.56715202331543,96513812
"2025-05-31",8.567201614379883,9.030349731445312,8.263148307800293,8.761695861816406,8.761695861816406,26623776
"2025-06-01",8.761695861816406,11.128020286560059,8.66147518157959,10.241865158081055,10.241865158081055,82492888
"2025-06-02",10.241865158081055,11.973647117614746,9.68154525756836,11.819279670715332,11.819279670715332,50211990
"2025-06-03",11.819279670715332,12.20313835144043,11.342818260192871,11.60107707977295,11.60107707977295,49009459
"2025-06-04",11.60107707977295,11.890592575073242,10.658310890197754,10.66936206817627,10.66936206817627,27065372
"2025-06-05",10.670561790466309,11.430349349975586,9.997925758361816,10.500309944152832,10.500309944152832,36410084
"2025-06-06",10.500309944152832,10.851944923400879,9.809989929199219,9.835304260253906,9.835304260253906,20447196
"2025-06-07",9.835297584533691,10.30941390991211,9.745920181274414,10.193836212158203,10.193836212158203,13602069
"2025-06-08",10.194729804992676,10.37038516998291,9.983659744262695,10.129373550415039,10.129373550415039,9676170
"2025-06-09",10.129373550415039,10.886322975158691,9.946714401245117,10.782883644104004,10.782883644104004,21577939
"2025-06-10",10.782883644104004,10.976378440856934,10.383723258972168,10.459161758422852,10.459161758422852,22270460
"2025-06-11",10.459161758422852,10.463976860046387,9.633395195007324,9.816012382507324,9.816012382507324,23315932
"2025-06-12",9.816012382507324,9.816146850585938,9.001529693603516,9.014493942260742,9.014493942260742,18647965
"2025-06-13",9.014493942260742,9.014493942260742,8.490445137023926,8.895072937011719,8.895072937011719,21673054
"2025-06-14",8.895072937011719,8.899258613586426,8.324726104736328,8.503521919250488,8.503521919250488,13323775
"2025-06-15",8.503521919250488,8.691308975219727,8.374604225158691,8.605324745178223,8.605324745178223,10140608
"2025-06-16",8.605324745178223,8.998287200927734,8.484820365905762,8.517951011657715,8.517951011657715,13954551
"2025-06-17",8.518401145935059,8.709348678588867,7.996389865875244,8.199125289916992,8.199125289916992,16290488
"2025-06-18",8.199125289916992,8.290072441101074,7.852499961853027,8.122323989868164,8.122323989868164,14170737
"2025-06-19",8.122323989868164,8.245892524719238,7.935939788818359,8.015066146850586,8.015066146850586,8296117
"2025-06-20",8.01509952545166,8.13662338256836,7.521259784698486,7.600631237030029,7.600631237030029,14297956
"2025-06-21",7.600631237030029,7.662778854370117,7.0880889892578125,7.153420925140381,7.153420925140381,14059567
"2025-06-22",7.15478515625,7.2637481689453125,6.601615905761719,6.894044876098633,6.894044876098633,17896039
"2025-06-23",6.894044876098633,7.613882064819336,6.751424789428711,7.54268217086792,7.54268217086792,17191776
"2025-06-24",7.54268217086792,7.892423152923584,7.383909225463867,7.484654903411865,7.484654903411865,16129032
"2025-06-25",7.484654903411865,7.57437801361084,7.187720775604248,7.199254989624023,7.199254989624023,9487367
"2025-06-26",7.199087142944336,7.492395877838135,7.107491970062256,7.21851110458374,7.21851110458374,16234487
"2025-06-27",7.21851110458374,7.379340171813965,7.136270046234131,7.317080020904541,7.317080020904541,9886520
"2025-06-28",7.317080020904541,7.43387508392334,7.192447185516357,7.376276969909668,7.376276969909668,7171581
"2025-06-29",7.376276969909668,7.809507846832275,7.36126184463501,7.751842975616455,7.751842975616455,9539353
"2025-06-30",7.751842975616455,7.830520153045654,7.232180118560791,7.261838912963867,7.261838912963867,12865047
"2025-07-01",7.261838912963867,7.299476146697998,6.8830790519714355,6.93171501159668,6.93171501159668,11131183
"2025-07-02",6.93171501159668,7.415471076965332,6.897564888000488,7.237585067749023,7.237585067749023,12861241
"2025-07-03",7.237585067749023,7.419140815734863,7.092294216156006,7.202320098876953,7.202320098876953,10868231
"2025-07-04",7.200697898864746,7.308321952819824,6.952789783477783,7.141672134399414,7.141672134399414,12867476
"2025-07-05",7.141672134399414,7.442850112915039,7.018258094787598,7.143167972564697,7.143167972564697,9843109
"2025-07-06",7.143167972564697,7.699643135070801,7.0737738609313965,7.590653896331787,7.590653896331787,15487385
"2025-07-07",7.590653896331787,7.659358024597168,7.261773109436035,7.29998779296875,7.29998779296875,9153218
"2025-07-08",7.29998779296875,7.636689186096191,7.266811847686768,7.631971836090088,7.631971836090088,10464064
"2025-07-09",7.631971836090088,7.860331058502197,7.520191192626953,7.799389839172363,7.799389839172363,12554577
"2025-07-10",7.799389839172363,8.288179397583008,7.638238906860352,8.214692115783691,8.214692115783691,15670767
"2025-07-11",8.214692115783691,8.565987586975098,8.035507202148438,8.100761413574219,8.100761413574219,17395031
"2025-07-12",8.100761413574219,8.287593841552734,7.742489814758301,7.963490009307861,7.963490009307861,11300722
"2025-07-13",7.963490009307861,8.373434066772461,7.96074914932251,8.271716117858887,8.271716117858887,8285892
"2025-07-14",8.271716117858887,8.901042938232422,8.185349464416504,8.338770866394043,8.338770866394043,17777358
"2025-07-15",8.338770866394043,8.557229042053223,7.979221820831299,8.503682136535645,8.503682136535645,15202119
"2025-07-16",8.503682136535645,8.855839729309082,8.3551664352417,8.646641731262207,8.646641731262207,14770546
"2025-07-17",8.646641731262207,9.33310317993164,8.42554759979248,9.109185218811035,9.109185218811035,25564864
"2025-07-18",9.109185218811035,9.82898998260498,8.9426908493042,9.049127578735352,9.049127578735352,25079584
"2025-07-19",9.049358367919922,9.396029472351074,8.830130577087402,9.328619003295898,9.328619003295898,9653615
"2025-07-20",9.328619003295898,10.126426696777344,9.287100791931152,9.924178123474121,9.924178123474121,18444585
"2025-07-21",9.924178123474121,10.267134666442871,9.650723457336426,10.193504333496094,10.193504333496094,24077485
"2025-07-22",10.193504333496094,10.244467735290527,9.176730155944824,9.75760269165039,9.75760269165039,27133154
"2025-07-23",9.75760269165039,9.807969093322754,8.519346237182617,8.876710891723633,8.876710891723633,18327059
"2025-07-24",8.876764297485352,9.012018203735352,8.161909103393555,8.557950973510742,8.557950973510742,16526645
"2025-07-25",8.557950973510742,8.738895416259766,8.33893871307373,8.711270332336426,8.711270332336426,13497711
"2025-07-26",8.711270332336426,8.875449180603027,8.678215980529785,8.757716178894043,8.757716178894043,6945574
"2025-07-27",8.757716178894043,9.024587631225586,8.741386413574219,8.962142944335938,8.962142944335938,8151917
"2025-07-28",8.962142944335938,9.192734718322754,8.387866020202637,8.41366195678711,8.41366195678711,15946701
"2025-07-29",8.414033889770508,8.68587589263916,8.207865715026855,8.362932205200195,8.362932205200195,15087550
"2025-07-30",8.362932205200195,8.372634887695312,7.989410877227783,8.2570161819458,8.2570161819458,11622024
"2025-07-31",8.2570161819458,8.486259460449219,7.895652770996094,7.930458068847656,7.930458068847656,9933817
"2025-08-01",7.92972993850708,7.947299003601074,7.4425787925720215,7.527027130126953,7.527027130126953,15342194
"2025-08-02",7.527027130126953,7.614500999450684,7.2340312004089355,7.406264781951904,7.406264781951904,10581154
"2025-08-03",7.406264781951904,7.721292018890381,7.343472957611084,7.701552867889404,7.701552867889404,6421801
"2025-08-04",7.701501846313477,7.997084140777588,7.678010940551758,7.983513832092285,7.983513832092285,9962243
"2025-08-05",7.983513832092285,7.986036777496338,7.530971050262451,7.684531211853027,7.684531211853027,11148568
"2025-08-06",7.684531211853027,7.9143781661987305,7.50680685043335,7.82521915435791,7.82521915435791,13384896
"2025-08-07",7.82521915435791,8.213799476623535,7.802873134613037,8.20876693725586,8.20876693725586,13357061
"2025-08-08",8.20876693725586,8.382110595703125,8.093416213989258,8.283557891845703,8.283557891845703,13558535
"2025-08-09",8.283557891845703,8.622533798217773,8.187743186950684,8.513256072998047,8.513256072998047,12128626
"2025-08-10",8.513256072998047,8.688824653625488,8.300312042236328,8.591320037841797,8.591320037841797,16191544
"2025-08-11",8.591320037841797,8.784235000610352,7.9911699295043945,8.084419250488281,8.084419250488281,19043098
"2025-08-12",8.084419250488281,8.514386177062988,7.948995113372803,8.417213439941406,8.417213439941406,17025321
"2025-08-13",8.417213439941406,8.731905937194824,8.366087913513184,8.660009384155273,8.660009384155273,20020938
"2025-08-14",8.660009384155273,8.749103546142578,7.776219844818115,7.883350849151611,7.883350849151611,27056766
"2025-08-15",7.883350849151611,8.096237182617188,7.646391868591309,7.843202114105225,7.843202114105225,12191152
"2025-08-16",7.843202114105225,8.01036262512207,7.706870079040527,7.977757930755615,7.977757930755615,12082525
"2025-08-17",7.977757930755615,8.129066467285156,7.921749114990234,7.92184591293335,7.92184591293335,9406155
"2025-08-18",7.92184591293335,7.928307056427002,7.499733924865723,7.6069111824035645,7.6069111824035645,17542061
"2025-08-19",7.6069111824035645,7.803247928619385,7.475852012634277,7.495029926300049,7.495029926300049,14535052
"2025-08-20",7.495483875274658,7.751017093658447,7.46973991394043,7.718966007232666,7.718966007232666,13443824
"2025-08-21",7.718966007232666,7.7912821769714355,7.560457229614258,7.610444068908691,7.610444068908691,13001319
"2025-08-22",7.610444068908691,8.489291191101074,7.476774215698242,8.359807968139648,8.359807968139648,27885517
"2025-08-23",8.359807968139648,8.47139835357666,8.095284461975098,8.40808391571045,8.40808391571045,14761737
"2025-08-24",8.40781021118164,8.618256568908691,8.216150283813477,8.292414665222168,8.292414665222168,19985557
"2025-08-25",8.292414665222168,8.384366035461426,7.279224872589111,7.394692897796631,7.394692897796631,21244066
"2025-08-26",7.394692897796631,7.979920864105225,7.300563812255859,7.899910926818848,7.899910926818848,13943307
"2025-08-27",7.899910926818848,8.180930137634277,7.775382995605469,7.823770046234131,7.823770046234131,22870091
"2025-08-28",7.823731899261475,8.027503967285156,7.452919960021973,7.705484867095947,7.705484867095947,27861977
"2025-08-29",7.705386161804199,7.736130237579346,7.219296932220459,7.327199935913086,7.327199935913086,21091149
"2025-08-30",7.327199935913086,7.395155906677246,7.227135181427002,7.26515007019043,7.26515007019043,9967086
"2025-08-31",7.26515007019043,7.3933539390563965,7.177445888519287,7.178859233856201,7.178859233856201,9693150
"2025-09-01",7.179602146148682,7.23212194442749,6.791851043701172,6.924472808837891,6.924472808837891,14351952
"2025-09-02",6.924472808837891,7.110311031341553,6.877677917480469,7.092169761657715,7.092169761657715,11036876
"2025-09-03",7.092169761657715,7.26741886138916,6.986166000366211,7.174374103546143,7.174374103546143,8835886
"2025-09-04",7.174374103546143,7.191896915435791,6.869829177856445,6.916572093963623,6.916572093963623,7945202
"2025-09-05",6.916572093963623,7.277030944824219,6.914380073547363,7.214322090148926,7.214322090148926,12167203
"2025-09-06",7.214322090148926,7.284060955047607,7.077278137207031,7.191257953643799,7.191257953643799,6413692
"2025-09-07",7.191257953643799,7.428043842315674,7.184603214263916,7.287670135498047,7.287670135498047,8306637
"2025-09-08",7.287670135498047,7.437717914581299,7.248839855194092,7.372500896453857,7.372500896453857,9423229
"2025-09-09",7.372500896453857,7.637822151184082,7.320896148681641,7.441816806793213,7.441816806793213,13209723
"2025-09-10",7.441816806793213,7.610766887664795,7.383899211883545,7.488636016845703,7.488636016845703,9666255
"2025-09-11",7.488636016845703,7.605628967285156,7.3344950675964355,7.560348987579346,7.560348987579346,11334072
"2025-09-12",7.560348987579346,7.723143100738525,7.3703532218933105,7.70979118347168,7.70979118347168,13041197
"2025-09-13",7.70979118347168,7.986471176147461,7.692058086395264,7.916484832763672,7.916484832763672,14659565
"2025-09-14",7.916484832763672,7.974658966064453,7.4780049324035645,7.527577877044678,7.527577877044678,15231496
"2025-09-15",7.527577877044678,7.636847972869873,7.163816928863525,7.293142795562744,7.293142795562744,13056425
"2025-09-16",7.293142795562744,7.37136697769165,7.188039779663086,7.321042060852051,7.321042060852051,9745958
"2025-09-17",7.3213791847229,7.574319839477539,7.173829078674316,7.550908088684082,7.550908088684082,13957201
"2025-09-18",7.550908088684082,7.727725028991699,7.471886157989502,7.6666259765625,7.6666259765625,10503661
"2025-09-19",7.6666259765625,7.746743202209473,7.337024211883545,7.393520832061768,7.393520832061768,9549724
"2025-09-20",7.393520832061768,7.540641784667969,7.354344844818115,7.455750942230225,7.455750942230225,7297427
"2025-09-21",7.455750942230225,7.551123142242432,7.336236953735352,7.337947845458984,7.337947845458984,7466480
"2025-09-22",7.337947845458984,7.343112945556641,6.628172874450684,6.793708801269531,6.793708801269531,20271436
"2025-09-23",6.793708801269531,6.930829048156738,6.641481876373291,6.826808929443359,6.826808929443359,8878263
"2025-09-24",6.826808929443359,6.918369770050049,6.634982109069824,6.902700901031494,6.902700901031494,17344961
"2025-09-25",6.902700901031494,6.912022113800049,6.228336811065674,6.238944053649902,6.238944053649902,17446869
"2025-09-26",6.238944053649902,6.506641864776611,6.236368179321289,6.407102108001709,6.407102108001709,11461672
"2025-09-27",6.407102108001709,6.486219882965088,6.329476833343506,6.385130882263184,6.385130882263184,7637392
"2025-09-28",6.385130882263184,6.515626907348633,6.281045913696289,6.509871006011963,6.509871006011963,9584606
"2025-09-29",6.509871006011963,7.385162830352783,6.4952192306518555,7.17274284362793,7.17274284362793,45434086
"2025-09-30",7.17274284362793,7.9125261306762695,7.063533782958984,7.74097204208374,7.74097204208374,56604431
"2025-10-01",7.740828990936279,10.208109855651855,7.738306045532227,9.341222763061523,9.341222763061523,148951121
"2025-10-02",9.342223167419434,11.326457977294922,9.240686416625977,9.809640884399414,9.809640884399414,148691751
"2025-10-03",9.810026168823242,10.11198902130127,9.34056282043457,9.577493667602539,9.577493667602539,67942794
"2025-10-04",9.577493667602539,10.955901145935059,8.740768432617188,9.972250938415527,9.972250938415527,96546201
"2025-10-05",9.972227096557617,10.645225524902344,9.640731811523438,9.76451587677002,9.76451587677002,61978114
"2025-10-06",9.765015602111816,10.458821296691895,9.549951553344727,9.733817100524902,9.733817100524902,49097158
"2025-10-07",9.733817100524902,9.85398006439209,9.163715362548828,9.477524757385254,9.477524757385254,44373352
"2025-10-08",9.477524757385254,12.488463401794434,9.116437911987305,11.910643577575684,11.910643577575684,123652642
"2025-10-09",11.909521102905273,12.631231307983398,11.03829574584961,12.120749473571777,12.120749473571777,181203241
"2025-10-10",12.119364738464355,17.354778289794922,6.878172874450684,11.286055564880371,11.286055564880371,486698346
"2025-10-11",11.292485237121582,14.469690322875977,10.231108665466309,13.123854637145996,13.123854637145996,272120321
"2025-10-12",13.121926307678223,16.853158950805664,11.80601978302002,14.16987419128418,14.16987419128418,292106496
"2025-10-13",14.169981956481934,15.53840446472168,12.489678382873535,13.477582931518555,13.477582931518555,151232138
"2025-10-14",13.477582931518555,13.502249717712402,11.6160249710083,12.392191886901855,12.392191886901855,92391459
"2025-10-15",12.392191886901855,13.964033126831055,11.932259559631348,12.026796340942383,12.026796340942383,99663468
"2025-10-16",12.026796340942383,12.89110279083252,11.164005279541016,11.176860809326172,11.176860809326172,74961054
"2025-10-17",11.17933177947998,12.038248062133789,10.48332405090332,11.29978084564209,11.29978084564209,83164585
"2025-10-18",11.299947738647461,11.882622718811035,11.171313285827637,11.34244155883789,11.34244155883789,41197838
"2025-10-19",11.34244155883789,11.666706085205078,10.968300819396973,11.281935691833496,11.281935691833496,54424241
"2025-10-20",11.282018661499023,12.97240161895752,10.888554573059082,12.426529884338379,12.426529884338379,99456717
"2025-10-21",12.430219650268555,13.552499771118164,11.525261878967285,12.055342674255371,12.055342674255371,113625621
"2025-10-22",12.055342674255371,12.417327880859375,10.790701866149902,10.995341300964355,10.995341300964355,74100723
"2025-10-23",10.995341300964355,11.354985237121582,10.52666187286377,10.692838668823242,10.692838668823242,38001522
"2025-10-24",10.691156387329102,11.440449714660645,10.691156387329102,11.096817970275879,11.096817970275879,44453550
"2025-10-25",11.096817970275879,11.364133834838867,10.856141090393066,11.285658836364746,11.285658836364746,26225180
"2025-10-26",11.285658836364746,14.200089454650879,11.048965454101562,13.33740520477295,13.33740520477295,151106453
"2025-10-27",13.337445259094238,14.487442970275879,13.283677101135254,13.629517555236816,13.629517555236816,104782078
"2025-10-28",13.62915325164795,13.705129623413086,12.037675857543945,12.062285423278809,12.062285423278809,62628554
"2025-10-29",12.062211990356445,12.956089973449707,11.951268196105957,12.594034194946289,12.594034194946289,53704837
"2025-10-30",12.594034194946289,12.833985328674316,11.153559684753418,11.679201126098633,11.679201126098633,58851966
"2025-10-31",11.679067611694336,14.835457801818848,11.572092056274414,14.7402982711792,14.7402982711792,116452043
"2025-11-01",14.71200942993164,21.044979095458984,14.190125465393066,20.098491668701172,20.098491668701172,575132359
"2025-11-02",20.104944229125977,21.020092010498047,16.535615921020508,17.493654251098633,17.493654251098633,402821167
"2025-11-03",17.49334144592285,19.334138870239258,15.483867645263672,19.284469604492188,19.284469604492188,323777592
"2025-11-04",19.282440185546875,24.80559539794922,18.142118453979492,20.028045654296875,20.028045654296875,828461859
"2025-11-05",20.036418914794922,22.578319549560547,17.86103057861328,18.944490432739258,18.944490432739258,352773980
"2025-11-06",18.9428653717041,21.280128479003906,17.993650436401367,18.73224449157715,18.73224449157715,343215063
"2025-11-07",18.735645294189453,21.602649688720703,18.388896942138672,20.013187408447266,20.013187408447266,381959577
"2025-11-08",20.017044067382812,20.624370574951172,13.847504615783691,14.489643096923828,14.489643096923828,318344758
"2025-11-09",14.488801956176758,17.09883689880371,13.851882934570312,15.376371383666992,15.376371383666992,253113970
"2025-11-10",15.37060546875,15.790553092956543,12.896280288696289,12.905455589294434,12.905455589294434,165576927
"2025-11-11",12.907307624816895,13.630191802978516,12.33944034576416,12.6453218460083,12.6453218460083,146733309
"2025-11-12",12.639001846313477,13.367919921875,12.093180656433105,13.096940040588379,13.096940040588379,97613422
"2025-11-13",13.096940040588379,13.706087112426758,11.78891372680664,12.054624557495117,12.054624557495117,97050625
"2025-11-14",12.054624557495117,13.50657844543457,11.561383247375488,13.34507942199707,13.34507942199707,155966777
"2025-11-15",13.345438957214355,15.834870338439941,13.209404945373535,14.326542854309082,14.326542854309082,264728186
"2025-11-16",14.327969551086426,14.781622886657715,12.513068199157715,12.900664329528809,12.900664329528809,201239948
"2025-11-17",12.897287368774414,16.988937377929688,12.793329238891602,15.771507263183594,15.771507263183594,353465896
"2025-11-18",15.772031784057617,18.22930335998535,15.266987800598145,16.965505599975586,16.965505599975586,321044023
"2025-11-19",16.972259521484375,17.037368774414062,13.772444725036621,14.597395896911621,14.597395896911621,267939997
"2025-11-20",14.59776496887207,15.880216598510742,13.87247371673584,13.884965896606445,13.884965896606445,160579988
"2025-11-21",13.878515243530273,14.289504051208496,12.165792465209961,12.4028959274292,12.4028959274292,141504221
"2025-11-22",12.403671264648438,12.866028785705566,11.680745124816895,12.279618263244629,12.279618263244629,87917839
"2025-11-23",12.279618263244629,13.222135543823242,12.257349967956543,12.648467063903809,12.648467063903809,102316597
"2025-11-24",12.648467063903809,13.024650573730469,11.965616226196289,12.37691879272461,12.37691879272461,92542077
"2025-11-25",12.37691879272461,12.735379219055176,11.641091346740723,12.112659454345703,12.112659454345703,81130801
"2025-11-26",12.110507011413574,12.781057357788086,11.648590087890625,12.75825309753418,12.75825309753418,73499590
"2025-11-27",12.75825309753418,12.767533302307129,11.727339744567871,11.819708824157715,11.819708824157715,51320430
"2025-11-28",11.819717407226562,12.004524230957031,11.08314323425293,11.208346366882324,11.208346366882324,47693548
"2025-11-29",11.206504821777344,11.317540168762207,10.57931900024414,10.734221458435059,10.734221458435059,44582012
"2025-11-30",10.734221458435059,10.823384284973145,10.172661781311035,10.320792198181152,10.320792198181152,37907003
"2025-12-01",10.320792198181152,10.344121932983398,9.357873916625977,9.827669143676758,9.827669143676758,70613606
"2025-12-02",9.828256607055664,10.516988754272461,9.328584671020508,9.381672859191895,9.381672859191895,53065108
"2025-12-03",9.380961418151855,9.725563049316406,9.033567428588867,9.431233406066895,9.431233406066895,72857022
"2025-12-04",9.431615829467773,9.595053672790527,9.09947395324707,9.531611442565918,9.531611442565918,41743878
"2025-12-05",9.531856536865234,9.755380630493164,8.43053913116455,8.654391288757324,8.654391288757324,59431586
"2025-12-06",8.654391288757324,8.70761775970459,8.357641220092773,8.5330171585083,8.5330171585083,29205115
"2025-12-07",8.5330171585083,8.594437599182129,8.075385093688965,8.321273803710938,8.321273803710938,36405676
"2025-12-08",8.321273803710938,9.22426700592041,8.276653289794922,8.888211250305176,8.888211250305176,64831366
"2025-12-09",8.888211250305176,10.646013259887695,8.732487678527832,10.493478775024414,10.493478775024414,114028998
"2025-12-10",10.493478775024414,10.493478775024414,9.271088600158691,9.277997970581055,9.277997970581055,74219213
"2025-12-11",9.277915954589844,9.412320137023926,8.89614200592041,9.15185260772705,9.15185260772705,57382068
"2025-12-12",9.15185260772705,9.343294143676758,8.93901252746582,9.022870063781738,9.022870063781738,46026607
"2025-12-13",9.02003288269043,9.021395683288574,8.552254676818848,8.661604881286621,8.661604881286621,35409585
"2025-12-14",8.661604881286621,8.878628730773926,8.106951713562012,8.106951713562012,8.106951713562012,32774301
"2025-12-15",8.106892585754395,8.393433570861816,7.8223748207092285,7.999520778656006,7.999520778656006,37782178
"2025-12-16",7.999520778656006,8.169071197509766,7.84365177154541,7.9981279373168945,7.9981279373168945,24130210
"2025-12-17",7.9981279373168945,8.157954216003418,7.324258804321289,7.41348123550415,7.41348123550415,31939279
"2025-12-18",7.41348123550415,7.660282135009766,7.1600799560546875,7.2950639724731445,7.2950639724731445,32432819
"2025-12-19",7.2950639724731445,8.037323951721191,7.200221061706543,7.936614036560059,7.936614036560059,34410988
"2025-12-20",7.936614036560059,8.335831642150879,7.8627448081970215,7.86337423324585,7.86337423324585,29870881
"2025-12-21",7.86337423324585,8.20480728149414,7.703404903411865,7.97697114944458,7.97697114944458,31922491
"2025-12-22",7.9764251708984375,8.094058990478516,7.686246871948242,7.804051876068115,7.804051876068115,26973825
"2025-12-23",7.8039350509643555,7.8389410972595215,7.521575927734375,7.711316108703613,7.711316108703613,19794912
"2025-12-24",7.7114739418029785,7.870720863342285,7.439704895019531,7.868457794189453,7.868457794189453,21766559
"2025-12-25",7.865904808044434,8.04660415649414,7.742510795593262,7.746599197387695,7.746599197387695,19451972
"2025-12-26",7.747255802154541,8.046154975891113,7.731182098388672,7.925861835479736,7.925861835479736,19878018
"2025-12-27",7.925861835479736,9.461114883422852,7.867342948913574,9.14084243774414,9.14084243774414,98424282
"2025-12-28",9.140474319458008,9.699922561645508,8.988240242004395,9.158349990844727,9.158349990844727,60208508
"2025-12-29",9.158411979675293,9.612135887145996,8.933075904846191,9.25322437286377,9.25322437286377,53478363
"2025-12-30",9.253044128417969,9.341363906860352,8.945125579833984,9.115559577941895,9.115559577941895,35696075
"2025-12-31",9.115612030029297,9.369229316711426,8.637200355529785,9.157666206359863,9.157666206359863,42746800
"2026-01-01",9.157666206359863,10.034575462341309,9.10532283782959,9.343774795532227,9.343774795532227,53720175
"2026-01-02",9.343226432800293,9.455368041992188,9.077423095703125,9.427480697631836,9.427480697631836,39166693
"2026-01-03",9.427480697631836,9.785633087158203,9.300352096557617,9.415399551391602,9.415399551391602,38782687
"2026-01-04",9.41558837890625,9.488861083984375,9.11629581451416,9.143074989318848,9.143074989318848,24666748
"2026-01-05",9.142338752746582,9.376418113708496,8.802911758422852,9.280521392822266,9.280521392822266,38878464
"2026-01-06",9.280521392822266,9.802440643310547,9.07738208770752,9.445533752441406,9.445533752441406,53784077
"2026-01-07",9.445533752441406,9.513518333435059,8.969877243041992,9.321407318115234,9.321407318115234,47493671
"2026-01-08",9.321617126464844,9.573263168334961,8.749957084655762,9.510178565979004,9.510178565979004,72761309
"2026-01-09",9.510415077209473,10.170111656188965,9.057015419006348,9.131502151489258,9.131502151489258,60786052
"2026-01-10",9.136565208435059,9.154165267944336,8.430225372314453,8.499700546264648,8.499700546264648,44686745
"2026-01-11",8.499979019165039,9.066316604614258,8.410242080688477,8.726238250732422,8.726238250732422,44466608
"2026-01-12",8.726637840270996,9.005687713623047,8.65877628326416,8.790802955627441,8.790802955627441,37994572
"2026-01-13",8.790373802185059,10.745430946350098,8.77420425415039,10.230237007141113,10.230237007141113,186486583
"2026-01-14",10.23111343383789,12.894063949584961,10.028610229492188,11.602802276611328,11.602802276611328,254015820
"2026-01-15",11.60284423828125,14.062084197998047,11.379044532775879,12.284334182739258,12.284334182739258,239709795
"2026-01-16",12.284594535827637,13.460920333862305,12.228998184204102,12.684503555297852,12.684503555297852,181694638
"2026-01-17",12.683119773864746,12.688002586364746,11.232227325439453,11.293085098266602,11.293085098266602,83670505
"2026-01-18",11.295687675476074,12.491142272949219,11.11678409576416,11.63933277130127,11.63933277130127,98371087
"2026-01-19",11.640083312988281,12.065759658813477,10.765237808227539,11.062224388122559,11.062224388122559,114903910
"2026-01-20",11.062224388122559,11.112142562866211,9.866437911987305,9.911295890808105,9.911295890808105,71279112
"2026-01-21",9.91087818145752,10.540806770324707,9.640661239624023,10.199674606323242,10.199674606323242,66349233
"2026-01-22",10.20035457611084,10.485737800598145,9.736943244934082,9.867148399353027,9.867148399353027,59133622
"2026-01-23",9.867148399353027,10.503609657287598,9.829702377319336,10.114738464355469,10.114738464355469,66771989
"2026-01-24",10.114738464355469,10.316901206970215,9.641756057739258,9.64279842376709,9.64279842376709,34019200
"2026-01-25",9.64184284210205,9.878512382507324,8.838855743408203,8.916465759277344,8.916465759277344,46462530
"2026-01-26",8.916465759277344,9.31569766998291,8.873236656188965,9.168038368225098,9.168038368225098,37312385
"2026-01-27",9.168038368225098,9.670881271362305,8.96297836303711,9.388627052307129,9.388627052307129,51769974
"2026-01-28",9.388896942138672,9.388940811157227,8.842428207397461,8.847709655761719,8.847709655761719,38066633
"2026-01-29",8.848016738891602,8.870630264282227,8.045051574707031,8.231666564941406,8.231666564941406,42010933
"2026-01-30",8.23151683807373,8.272834777832031,7.7629618644714355,8.152962684631348,8.152962684631348,40936197
"2026-01-31",8.153508186340332,8.156588554382324,6.882000923156738,7.276716232299805,7.276716232299805,54545664
"2026-02-01",7.276534080505371,7.445335865020752,6.834494113922119,7.030628204345703,7.030628204345703,34757894
"2026-02-02",7.028491973876953,7.20412015914917,6.794507026672363,6.8452839851379395,6.8452839851379395,40165633
"2026-02-03",6.8452839851379395,7.192665100097656,6.5638909339904785,6.831690788269043,6.831690788269043,43352168
"2026-02-04",6.831690788269043,7.079817771911621,6.516998767852783,6.696402072906494,6.696402072906494,37617351
"2026-02-05",6.696402072906494,6.697657108306885,5.486083984375,5.581869125366211,5.581869125366211,58672426
"2026-02-06",5.5817742347717285,6.343311786651611,5.080541133880615,6.1023478507995605,6.1023478507995605,55066346
"2026-02-07",6.1023478507995605,6.163613796234131,5.80863618850708,6.036383152008057,6.036383152008057,30713686
"2026-02-08",6.03634786605835,6.180922985076904,5.931657791137695,6.001537799835205,6.001537799835205,18219634
"2026-02-09",6.001158237457275,6.06942081451416,5.713479042053223,5.959692001342773,5.959692001342773,20324345
"2026-02-10",5.959692001342773,6.0303449630737305,5.7957658767700195,5.896238803863525,5.896238803863525,17306033
"2026-02-11",5.896238803863525,5.944863796234131,5.616459846496582,5.775464057922363,5.775464057922363,24586465
"2026-02-12",5.775464057922363,6.063383102416992,5.726243019104004,5.925271034240723,5.925271034240723,18698857
"2026-02-13",5.925271034240723,6.396574020385742,5.841386795043945,6.359054088592529,6.359054088592529,23314067
"2026-02-14",6.359054088592529,6.854252815246582,6.342318058013916,6.6851887702941895,6.6851887702941895,31689765
"2026-02-15",6.686612129211426,6.693582057952881,6.172679901123047,6.301156044006348,6.301156044006348,24981024
"2026-02-16",6.301156044006348,6.3704681396484375,6.081108093261719,6.272861957550049,6.272861957550049,18488824
"2026-02-17",6.272861957550049,6.347023010253906,6.120869159698486,6.173593044281006,6.173593044281006,14355707
"2026-02-18",6.173696041107178,6.281429767608643,5.897383213043213,5.92423677444458,5.92423677444458,14830389
"2026-02-19",5.92423677444458,5.950102806091309,5.650698184967041,5.795722961425781,5.795722961425781,14998797
"2026-02-20",5.795722961425781,5.856078147888184,5.6510419845581055,5.7919487953186035,5.7919487953186035,15728287
"2026-02-21",5.7919487953186035,5.953216075897217,5.791399002075195,5.8267340660095215,5.8267340660095215,12746598
"2026-02-22",5.8267340660095215,5.827136039733887,5.649648189544678,5.707958221435547,5.707958221435547,8972619
"2026-02-23",5.710738182067871,5.722030162811279,5.34515905380249,5.391283988952637,5.391283988952637,17683293
"2026-02-24",5.391256809234619,5.47708797454834,5.255401134490967,5.416547775268555,5.416547775268555,13830017
"2026-02-25",5.416547775268555,5.855741024017334,5.408687114715576,5.652200222015381,5.652200222015381,18634759
"2026-02-26",5.6522908210754395,5.771819114685059,5.428798198699951,5.593197822570801,5.593197822570801,15952982
"2026-02-27",5.593197822570801,5.763028144836426,5.34438419342041,5.417139053344727,5.417139053344727,17866980
"2026-02-28",5.417139053344727,5.449659824371338,4.954634189605713,5.357133865356445,5.357133865356445,20022532
"2026-03-01",5.357014179229736,5.665369987487793,5.16095495223999,5.254064083099365,5.254064083099365,17377684
"2026-03-02",5.254064083099365,5.682336807250977,5.22834587097168,5.492292881011963,5.492292881011963,15951969
"2026-03-03",5.492292881011963,5.6090569496154785,5.325883865356445,5.536744117736816,5.536744117736816,16491528
"2026-03-04",5.536744117736816,5.949831962585449,5.408153057098389,5.802597999572754,5.802597999572754,20916469
"2026-03-05",5.802597999572754,5.922887802124023,5.630603790283203,5.715360164642334,5.715360164642334,13408121
"2026-03-06",5.715360164642334,5.760729789733887,5.359584808349609,5.454102039337158,5.454102039337158,13096007
"2026-03-07",5.454102039337158,5.465550899505615,5.342309951782227,5.3728461265563965,5.3728461265563965,7918399
"2026-03-08",5.372937202453613,5.380887985229492,5.107905864715576,5.1403608322143555,5.1403608322143555,12175463
"2026-03-09",5.1403608322143555,5.528205871582031,5.135657787322998,5.391743183135986,5.391743183135986,11542493
"2026-03-10",5.391743183135986,5.603837013244629,5.389294147491455,5.427988052368164,5.427988052368164,10592291
"2026-03-11",5.427988052368164,5.482224941253662,5.328982830047607,5.437303066253662,5.437303066253662,9461413
"2026-03-12",5.437303066253662,5.501869201660156,5.349686145782471,5.460655212402344,5.460655212402344,9629216
"2026-03-13",5.460655212402344,5.700879096984863,5.44415807723999,5.548828125,5.548828125,13356578
"2026-03-14",5.548828125,5.852919101715088,5.488953113555908,5.631135940551758,5.631135940551758,15988318
"2026-03-15",5.630739212036133,6.260683059692383,5.611299991607666,6.106451034545898,6.106451034545898,31350658
"2026-03-16",6.107059001922607,6.962954998016357,6.0107269287109375,6.809089183807373,6.809089183807373,43002697
"2026-03-17",6.809676170349121,6.9447150230407715,6.57108211517334,6.606788158416748,6.606788158416748,28482741
"2026-03-18",6.606788158416748,6.741336822509766,5.98161506652832,6.044999122619629,6.044999122619629,26460554
"2026-03-19",6.044999122619629,6.092536926269531,5.679186820983887,5.740810871124268,5.740810871124268,12525099
"2026-03-20",5.740810871124268,5.795973777770996,5.572249889373779,5.706765174865723,5.706765174865723,13339286
"2026-03-21",5.706765174865723,5.9489240646362305,5.424088001251221,5.429591178894043,5.429591178894043,15527938
"2026-03-22",5.429591178894043,5.571372985839844,5.292393207550049,5.4220781326293945,5.4220781326293945,10352504
"2026-03-23",5.4220781326293945,5.639523983001709,5.319711208343506,5.59773588180542,5.59773588180542,13757449
"2026-03-24",5.59773588180542,5.748743057250977,5.54636287689209,5.712662220001221,5.712662220001221,17078136
"2026-03-25",5.712662220001221,5.762630939483643,5.604300022125244,5.664153099060059,5.664153099060059,10227755
"2026-03-26",5.664153099060059,5.682967185974121,5.388131141662598,5.435133934020996,5.435133934020996,8921861
"2026-03-27",5.435133934020996,5.488885879516602,5.118444919586182,5.150292873382568,5.150292873382568,12337814
"2026-03-28",5.150292873382568,5.29318904876709,5.062010765075684,5.159588813781738,5.159588813781738,9068888
"2026-03-29",5.160009860992432,5.199420928955078,5.041608810424805,5.11734676361084,5.11734676361084,8290954
"2026-03-30",5.11734676361084,5.381372928619385,5.109124183654785,5.220973968505859,5.220973968505859,9980638
"2026-03-31",5.220973968505859,5.657218933105469,5.186819076538086,5.6040520668029785,5.6040520668029785,24640164
"2026-04-01",5.6040520668029785,5.725811958312988,5.482152938842773,5.487428188323975,5.487428188323975,12521275
"2026-04-02",5.487428188323975,5.541720867156982,4.99705696105957,5.063273906707764,5.063273906707764,17232960
"2026-04-03",5.063273906707764,5.1983561515808105,5.03394079208374,5.16566276550293,5.16566276550293,10726575
"2026-04-04",5.16566276550293,5.266581058502197,5.149874210357666,5.218286037445068,5.218286037445068,10837744
"2026-04-05",5.218286037445068,5.248936176300049,5.062646865844727,5.248931884765625,5.248931884765625,9528436
"2026-04-06",5.249390125274658,5.368511199951172,5.154870986938477,5.178840160369873,5.178840160369873,10689633
"2026-04-07",5.178275108337402,5.650909900665283,5.119019031524658,5.6354289054870605,5.6354289054870605,15007219
"2026-04-08",5.635371208190918,5.6362152099609375,5.33091402053833,5.345297813415527,5.345297813415527,16224081
"2026-04-09",5.345297813415527,6.040901184082031,5.270811080932617,5.853957176208496,5.853957176208496,32005274
"2026-04-10",5.852719783782959,6.423429012298584,5.80305814743042,6.351813793182373,6.351813793182373,52585651
"2026-04-11",6.351708889007568,6.602744102478027,6.094642162322998,6.199310779571533,6.199310779571533,26549301
"2026-04-12",6.199310779571533,6.227908134460449,5.684332847595215,5.701614856719971,5.701614856719971,18109635
"2026-04-13",5.701624870300293,6.088188171386719,5.6956257820129395,6.0276570320129395,6.0276570320129395,17215757
"2026-04-14",6.0276570320129395,6.033425807952881,5.619381904602051,5.673169136047363,5.673169136047363,13983803
"2026-04-15",5.673169136047363,5.877482891082764,5.641287803649902,5.732931137084961,5.732931137084961,11568130
"2026-04-16",5.732931137084961,6.038708209991455,5.694171905517578,6.005353927612305,6.005353927612305,16228407
"2026-04-17",6.005406856536865,6.088269233703613,5.737100124359131,5.926353931427002,5.926353931427002,22983495
"2026-04-18",5.926353931427002,6.044278144836426,5.753339767456055,5.861358165740967,5.861358165740967,15992677
"2026-04-19",5.860680103302002,6.087295055389404,5.768668174743652,5.775599956512451,5.775599956512451,21527413
"2026-04-20",5.77552604675293,6.280846118927002,5.775468826293945,6.132501125335693,6.132501125335693,21856550
"2026-04-21",6.134627819061279,6.597812175750732,5.977849006652832,6.126376152038574,6.126376152038574,33458102
"2026-04-22",6.126376152038574,6.314248085021973,6.0419158935546875,6.080405235290527,6.080405235290527,18369102
"2026-04-23",6.080405235290527,6.178418159484863,5.909067153930664,6.149415969848633,6.149415969848633,16457249
"2026-04-24",6.149538040161133,6.303781032562256,6.090403079986572,6.105442047119141,6.105442047119141,17026214
"2026-04-25",6.105442047119141,6.154466152191162,5.9958109855651855,6.039280891418457,6.039280891418457,9085459
"2026-04-26",6.039280891418457,6.1970720291137695,6.0075788497924805,6.111471176147461,6.111471176147461,9582588
"2026-04-27",6.111471176147461,6.213831901550293,5.836153984069824,5.952088832855225,5.952088832855225,11831165
"2026-04-28",5.952088832855225,5.956912040710449,5.721330165863037,5.84761381149292,5.84761381149292,11459373
"2026-04-29",5.848202228546143,5.976377964019775,5.566466808319092,5.727791786193848,5.727791786193848,10585366
"2026-04-30",5.727797031402588,5.842130184173584,5.67472505569458,5.817061901092529,5.817061901092529,8435655
"2026-05-01",5.820202827453613,6.555931091308594,5.7547688484191895,6.232860088348389,6.232860088348389,30021245
"2026-05-02",6.232860088348389,6.312692165374756,6.061758995056152,6.21917200088501,6.21917200088501,18096782
"2026-05-03",6.2200422286987305,7.235220909118652,6.112390995025635,7.098379135131836,7.098379135131836,37939198
"2026-05-04",7.098379135131836,7.450167179107666,6.898346900939941,7.082983016967773,7.082983016967773,61779222
"2026-05-05",7.08303689956665,7.744615077972412,6.831654071807861,7.591344833374023,7.591344833374023,41955218
"2026-05-06",7.59228515625,8.166685104370117,7.305448055267334,7.335127830505371,7.335127830505371,66126419
"2026-05-07",7.334918022155762,7.343270778656006,6.898198127746582,7.102694034576416,7.102694034576416,28344517
"2026-05-08",7.103331089019775,7.261005878448486,6.916828155517578,7.216028213500977,7.216028213500977,24149376
"2026-05-09",7.216028213500977,7.497412204742432,7.044072151184082,7.046975135803223,7.046975135803223,28965323
"2026-05-10",7.046975135803223,7.376347064971924,6.862490177154541,7.067643165588379,7.067643165588379,25256553
"2026-05-11",7.067643165588379,7.073648929595947,6.744836807250977,6.824159145355225,6.824159145355225,17331605
"2026-05-12",6.824159145355225,6.849587917327881,6.512472152709961,6.715552806854248,6.715552806854248,15916763
"2026-05-13",6.715552806854248,6.8620781898498535,6.477778911590576,6.577558994293213,6.577558994293213,14619213
"2026-05-14",6.577558994293213,6.677631855010986,6.34960412979126,6.565271854400635,6.565271854400635,16054285
"2026-05-15",6.565271854400635,6.608899116516113,6.095759868621826,6.1986260414123535,6.1986260414123535,13507618
"2026-05-16",6.1986260414123535,6.226187229156494,5.786736965179443,5.916371822357178,5.916371822357178,11961279
"2026-05-17",5.916222095489502,6.080023765563965,5.747619152069092,5.823548793792725,5.823548793792725,11566507
"2026-05-18",5.823716163635254,6.109471797943115,5.7761688232421875,6.063745975494385,6.063745975494385,17257233
"2026-05-19",6.063745975494385,6.184357166290283,5.935513973236084,5.978905200958252,5.978905200958252,13771363
"2026-05-20",5.978905200958252,6.9088358879089355,5.9394731521606445,6.844005107879639,6.844005107879639,35708318
"2026-05-21",6.844005107879639,6.958792209625244,6.447094917297363,6.640056133270264,6.640056133270264,26344596
"2026-05-22",6.640058994293213,6.711606979370117,5.890431880950928,5.921603202819824,5.921603202819824,19526573
"2026-05-23",5.921603202819824,6.266664028167725,5.731547832489014,6.165802001953125,6.165802001953125,18750754
"2026-05-24",6.165802001953125,6.265781879425049,5.963444232940674,6.12040376663208,6.12040376663208,18308453
"2026-05-25",6.120439052581787,6.502425193786621,6.119846820831299,6.244442939758301,6.244442939758301,26796698
"2026-05-26",6.244442939758301,6.299942970275879,5.994882106781006,6.028569221496582,6.028569221496582,24789247
"2026-05-27",6.028462886810303,6.1432881355285645,5.844580173492432,5.896759033203125,5.896759033203125,21582747
"2026-05-28",5.896759033203125,5.909310817718506,5.5146379470825195,5.735619068145752,5.735619068145752,45161445
"2026-05-29",5.735619068145752,5.841509819030762,5.605974197387695,5.741697788238525,5.741697788238525,34206231
"2026-05-30",5.741697788238525,5.79001522064209,5.66641902923584,5.719893932342529,5.719893932342529,26895158
"2026-05-31",5.719945907592773,6.039392948150635,5.719628810882568,5.909002780914307,5.909002780914307,37468036
"2026-06-01",5.909002780914307,5.990386009216309,5.626722812652588,5.763160228729248,5.763160228729248,43455406
"2026-06-02",5.763160228729248,5.826432228088379,5.176252841949463,5.277111053466797,5.277111053466797,59712284
"2026-06-03",5.277058124542236,5.612709999084473,5.27704381942749,5.499772071838379,5.499772071838379,53518519
"2026-06-04",5.499772071838379,5.542224884033203,4.966188907623291,5.050991058349609,5.050991058349609,60204444
"2026-06-05",5.050991058349609,5.077322959899902,4.029881000518799,4.227737903594971,4.227737903594971,61522475
"2026-06-06",4.227737903594971,4.285699844360352,3.958498954772949,4.163599967956543,4.163599967956543,36431000
"2026-06-07",4.163050174713135,4.609656810760498,4.163050174713135,4.549078941345215,4.549078941345215,41266387
"2026-06-08",4.549078941345215,4.587581157684326,4.422049045562744,4.446697235107422,4.446697235107422,24967916
"2026-06-09",4.446697235107422,4.519779205322266,4.256564140319824,4.390775203704834,4.390775203704834,32602967
"2026-06-10",4.390775203704834,4.410895824432373,4.128726959228516,4.180160045623779,4.180160045623779,26242053
"2026-06-11",4.17943811416626,4.41063117980957,4.175116062164307,4.3459248542785645,4.3459248542785645,27659546
"2026-06-12",4.34549617767334,4.388256072998047,4.254414081573486,4.2764692306518555,4.2764692306518555,21921451
"2026-06-13",4.2764692306518555,4.440825939178467,4.259057998657227,4.4104461669921875,4.4104461669921875,19496468
"2026-06-14",4.4104461669921875,4.571231842041016,4.297861099243164,4.565091133117676,4.565091133117676,22361017
"2026-06-15",4.565091133117676,4.976565837860107,4.564908981323242,4.7690348625183105,4.7690348625183105,35599828
"2026-06-16",4.7690348625183105,4.797278881072998,4.567843914031982,4.666193962097168,4.666193962097168,22217303
"2026-06-17",4.666193962097168,4.738884925842285,4.434270858764648,4.500959873199463,4.500959873199463,23303178
"2026-06-18",4.500959873199463,4.550405025482178,4.218361854553223,4.371816158294678,4.371816158294678,10411503
"2026-06-19",4.371910095214844,4.514311790466309,4.273879051208496,4.514311790466309,4.514311790466309,7684310
"2026-06-20",4.517319202423096,4.7412638664245605,4.490457057952881,4.656498908996582,4.656498908996582,16824652
"2026-06-21",4.656469821929932,4.688257217407227,4.4831438064575195,4.487464904785156,4.487464904785156,8078241
"2026-06-22",4.487464904785156,4.706221103668213,4.4387922286987305,4.4757208824157715,4.4757208824157715,10287586
"2026-06-23",4.4757208824157715,4.540700912475586,4.27299690246582,4.394658088684082,4.394658088684082,12056060
"2026-06-24",4.394658088684082,4.438615798950195,3.977626085281372,4.153977870941162,4.153977870941162,17983570
"2026-06-25",4.153964996337891,4.218750953674316,3.8746469020843506,4.055368900299072,4.055368900299072,17394617
"2026-06-26",4.055368900299072,4.190468788146973,3.9213249683380127,4.126789093017578,4.126789093017578,14438194
"2026-06-27",4.126789093017578,4.191808223724365,4.032827854156494,4.045654773712158,4.045654773712158,8682608
"2026-06-28",4.045654773712158,4.1143951416015625,3.9753661155700684,4.0314788818359375,4.0314788818359375,8628351
"2026-06-29",4.0314788818359375,4.170176029205322,3.987025022506714,4.113588809967041,4.113588809967041,13482682
"2026-06-30",4.113588809967041,4.1196370124816895,3.9129769802093506,4.011506080627441,4.011506080627441,10732753
"2026-07-01",4.01143217086792,4.1178998947143555,3.9590060710906982,4.047249794006348,4.047249794006348,12493241
"2026-07-02",4.047249794006348,4.293420791625977,4.033750057220459,4.182815074920654,4.182815074920654,16246894
"2026-07-03",4.182829856872559,4.375166893005371,4.153700828552246,4.327692031860352,4.327692031860352,10570944
"2026-07-04",4.327674865722656,4.401589870452881,4.228689193725586,4.317920207977295,4.317920207977295,8996559
"2026-07-05",4.317897796630859,4.349907875061035,4.166245937347412,4.305430889129639,4.305430889129639,9183516
"2026-07-06",4.305424213409424,4.344840049743652,4.096584796905518,4.240065097808838,4.240065097808838,14218372
"2026-07-07",4.240059852600098,4.432581901550293,4.1333208084106445,4.233738899230957,4.233738899230957,15018771
"2026-07-08",4.233738899230957,4.273299217224121,4.000760078430176,4.0927348136901855,4.0927348136901855,16230574
"2026-07-09",4.092772006988525,4.161019802093506,4.0480570793151855,4.107263088226318,4.107263088226318,12338731
"2026-07-10",4.107255935668945,4.2241530418396,4.090001106262207,4.149021148681641,4.149021148681641,11234715
"2026-07-11",4.14890718460083,4.242613792419434,4.119919776916504,4.120122909545898,4.120122909545898,9001921
"2026-07-12",4.1201910972595215,4.267236232757568,4.094560146331787,4.126725196838379,4.126725196838379,8684092
"2026-07-13",4.126741886138916,4.199769020080566,3.978904962539673,4.026519775390625,4.026519775390625,13317645
"2026-07-14",4.026504993438721,4.301056861877441,4.021409034729004,4.206367015838623,4.206367015838623,12757109
"2026-07-15",4.2063751220703125,4.472200870513916,4.186124801635742,4.348586082458496,4.348586082458496,16414655
"2026-07-16",4.348577976226807,4.388480186462402,4.162563800811768,4.174661159515381,4.174661159515381,10584156
"2026-07-17",4.174661159515381,4.221005916595459,4.114602088928223,4.145176887512207,4.145176887512207,10941131
"2026-07-18",4.145162105560303,4.1844401359558105,4.113757133483887,4.155138969421387,4.155138969421387,5780726
"2026-07-19",4.155148029327393,4.233366966247559,4.129786014556885,4.167837142944336,4.167837142944336,6593619
"2026-07-20",4.167799949645996,4.209444046020508,4.0982561111450195,4.155768871307373,4.155768871307373,9607666
"2026-07-21",4.155768871307373,4.232968807220459,4.14447021484375,4.217743873596191,4.217743873596191,10433051
"2026-07-22",4.2177581787109375,4.23897123336792,4.1226887702941895,4.143971920013428,4.143971920013428,9446976
"2026-07-23",4.1439690589904785,4.154078960418701,4.0676140785217285,4.091259956359863,4.091259956359863,9752518
"2026-07-24",4.091178894042969,4.170001983642578,3.9928689002990723,4.010932922363281,4.010932922363281,10000667
"2026-07-25",4.010939121246338,4.099606990814209,3.9900970458984375,4.072999000549316,4.072999000549316,7561094
"2026-07-26",4.072999000549316,4.148295879364014,4.072102069854736,4.1457719802856445,4.1457719802856445,7145779
"2026-07-27",4.145792007446289,4.14677095413208,3.891663074493408,3.9136340618133545,3.9136340618133545,11212622
"2026-07-28",3.9136409759521484,3.969789981842041,3.8005969524383545,3.947844982147217,3.947844982147217,11741904
"2026-07-29",3.9478759765625,3.964318037033081,3.7482240200042725,3.8113439083099365,3.8113439083099365,8762523
"2026-07-30",3.811372995376587,3.9560201168060303,3.7903308868408203,3.9106080532073975,3.9106080532073975,7776411
"2026-07-31",3.9110898971557617,3.9481348991394043,3.8064019680023193,3.8847808837890625,3.8847808837890625,8476207
"2026-08-01",3.884363889694214,4.091753005981445,3.8842060565948486,3.965693950653076,3.965693950653076,7766574
"2026-08-02",3.965693950653076,4.172447204589844,3.9630250930786133,4.163341999053955,4.163341999053955,7663368
"2026-08-03",4.163343906402588,4.195013999938965,4.048552989959717,4.095952033996582,4.095952033996582,8812113
"2026-08-04",4.095952033996582,4.195744037628174,4.062920093536377,4.106725215911865,4.106725215911865,7486657
"2026-08-05",4.106725215911865,4.156750202178955,4.067290782928467,4.120340824127197,4.120340824127197,6683785
"2026-08-06",4.120340824127197,4.172882080078125,4.014826774597168,4.036126136779785,4.036126136779785,6426525
"2026-08-07",4.0361008644104,4.068298816680908,3.9923460483551025,4.037569046020508,4.037569046020508,6288391
"2026-08-08",4.037569046020508,4.16315221786499,4.02717399597168,4.094371795654297,4.094371795654297,4172175
"2026-08-09",4.094371795654297,4.341925144195557,4.094264984130859,4.2208662033081055,4.2208662033081055,8752132
"2026-08-10",4.220887184143066,4.305589199066162,4.169582843780518,4.218635082244873,4.218635082244873,6162026
"2026-08-11",4.218533992767334,4.341257095336914,4.014894962310791,4.088190078735352,4.088190078735352,6298183
"2026-08-12",4.088206768035889,4.1222920417785645,4.014641761779785,4.029234886169434,4.029234886169434,3774383
"2026-08-13",4.029201984405518,4.084047794342041,3.957184076309204,4.063100814819336,4.063100814819336,3784008
"2026-08-14",4.063100814819336,4.071950912475586,3.9729230403900146,4.031269073486328,4.031269073486328,3129807
"2026-08-15",4.031403064727783,4.052666187286377,3.9812850952148438,3.989656925201416,3.989656925201416,2015087
"2026-08-16",3.9896600246429443,4.024592876434326,3.956043004989624,3.9794230461120605,3.9794230461120605,2546710
"2026-08-17",3.9794230461120605,4.082083225250244,3.96995210647583,4.003264904022217,4.003264904022217,3483908
"2026-08-18",4.003264904022217,4.02023983001709,3.8116040229797363,3.828519105911255,3.828519105911255,7135998
"2026-08-19",3.828519105911255,4.281954765319824,3.7950549125671387,4.1895060539245605,4.1895060539245605,8862774
"2026-08-20",4.189489841461182,4.474887847900391,4.151666164398193,4.448237895965576,4.448237895965576,17725450
"2026-08-21",4.448270797729492,5.317152976989746,4.447490215301514,5.248422145843506,5.248422145843506,32799410
"2026-08-22",5.248422145843506,6.057431221008301,4.9859299659729,5.384103775024414,5.384103775024414,58324851
"2026-08-23",5.385694980621338,5.922867774963379,4.943518161773682,5.75050687789917,5.75050687789917,34000723
"2026-08-24",5.750511169433594,5.753551959991455,5.350474834442139,5.399048805236816,5.399048805236816,22189659
"2026-08-25",5.3991289138793945,5.5692338943481445,5.088967800140381,5.127564907073975,5.127564907073975,15324079
"2026-08-26",5.127579212188721,5.260624885559082,4.999660968780518,5.247849941253662,5.247849941253662,12806587
"2026-08-27",5.248135089874268,5.389841079711914,5.103388786315918,5.274590015411377,5.274590015411377,13381401
"2026-08-28",5.27458381652832,5.3840789794921875,4.873953819274902,4.958607196807861,4.958607196807861,14431779
"2026-08-29",4.958611965179443,5.230384826660156,4.8886260986328125,5.129720211029053,5.129720211029053,9911155
"2026-08-30",5.129720211029053,5.644033908843994,5.037877082824707,5.2561750411987305,5.2561750411987305,17349805
"2026-08-31",5.2563557624816895,5.8405327796936035,5.148128986358643,5.635190963745117,5.635190963745117,31525238
"2026-09-01",5.6352338790893555,5.840345859527588,5.303071975708008,5.477665901184082,5.477665901184082,20628798
"2026-09-02",5.477565765380859,5.546136856079102,5.299807071685791,5.381315231323242,5.381315231323242,11701375
"2026-09-03",5.381379127502441,6.023869037628174,5.349279880523682,5.962928771972656,5.962928771972656,24154560
"2026-09-04",5.963511943817139,7.201430797576904,5.902218818664551,7.150003910064697,7.150003910064697,65086404
"2026-09-05",7.143260955810547,8.035354614257812,6.871743202209473,6.903384208679199,6.903384208679199,76085468
"2026-09-06",6.903389930725098,7.90213680267334,6.894297122955322,7.39869499206543,7.39869499206543,64040416
"2026-09-07",7.398825168609619,7.409992218017578,6.9116668701171875,7.043520927429199,7.043520927429199,27452580
"2026-09-08",7.043543815612793,7.239160060882568,6.934895992279053,6.991371154785156,6.991371154785156,26675180
"2026-09-09",6.992133140563965,7.849822998046875,6.95633602142334,7.111451148986816,7.111451148986816,44846608
"2026-09-10",7.111454963684082,7.1556901931762695,6.52947998046875,6.530203819274902,6.530203819274902,27777134
"2026-09-11",6.530203819274902,6.928493976593018,6.401514053344727,6.486990928649902,6.486990928649902,26653181
"2026-09-12",6.486938953399658,6.542385101318359,6.2452192306518555,6.263090133666992,6.263090133666992,10478696
"2026-09-13",6.263090133666992,6.478118896484375,6.097373962402344,6.1339311599731445,6.1339311599731445,12275613
"2026-09-14",6.134037971496582,6.572114944458008,6.133821964263916,6.360438823699951,6.360438823699951,17147832
"2026-09-15",6.360415935516357,6.3861470222473145,6.047575950622559,6.190756797790527,6.190756797790527,18282928
"2026-09-16",6.190783977508545,6.8710761070251465,6.136030197143555,6.767480850219727,6.767480850219727,30854499
"2026-09-17",6.767467975616455,7.400496959686279,6.729942798614502,7.319396018981934,7.319396018981934,36927199
"2026-09-18",7.31940221786499,8.565793991088867,6.972681045532227,8.309820175170898,8.309820175170898,53650295
"2026-09-19",8.314945220947266,8.38532543182373,7.721134662628174,7.860000133514404,7.860000133514404,49016924
